trial_number,round,pick,player_name,player_id,fppravg,position,team_name,year
1,1,1,Jonathan Taylor,00-0036223,1.0,RB,Team_4,2022
1,1,2,Christian McCaffrey,00-0033280,2.0,RB,Team_3,2022
1,1,3,Austin Ekeler,00-0033699,3.0,RB,Team_5,2022
1,1,4,Cooper Kupp,00-0033908,4.0,WR,Team_7,2022
1,1,5,Derrick Henry,00-0032764,5.0,RB,Team_8,2022
1,1,6,Justin Jefferson,00-0036322,6.0,WR,Team_1,2022
1,1,7,Dalvin Cook,00-0033893,7.0,RB,Team_2,2022
1,1,8,Najee Harris,00-0036893,8.0,RB,Team_6,2022
1,2,1,Ja'Marr Chase,00-0036900,9.0,WR,Team_6,2022
1,2,2,Joe Mixon,00-0033897,10.0,RB,Team_2,2022
1,2,3,Davante Adams,00-0031381,11.0,WR,Team_1,2022
1,2,4,Stefon Diggs,00-0031588,12.0,WR,Team_8,2022
1,2,5,Alvin Kamara,00-0033906,13.0,RB,Team_7,2022
1,2,6,Travis Kelce,00-0030506,14.0,TE,Team_5,2022
1,2,7,D'Andre Swift,00-0036275,15.0,RB,Team_3,2022
1,2,8,Deebo Samuel,00-0035719,16.0,WR,Team_4,2022
1,3,1,Aaron Jones,00-0033293,17.0,RB,Team_4,2022
1,3,2,CeeDee Lamb,00-0036358,18.0,WR,Team_3,2022
1,3,3,Tyreek Hill,00-0033040,19.0,WR,Team_5,2022
1,3,4,Nick Chubb,00-0034791,20.0,RB,Team_7,2022
1,3,5,Saquon Barkley,00-0034844,21.0,RB,Team_8,2022
1,3,6,Josh Allen,00-0034857,22.0,QB,Team_1,2022
1,3,7,Mark Andrews,00-0034753,23.0,TE,Team_2,2022
1,3,8,Leonard Fournette,00-0033856,24.0,RB,Team_6,2022
1,4,1,Javonte Williams,00-0036997,25.0,RB,Team_6,2022
1,4,2,Mike Evans,00-0031408,26.0,WR,Team_2,2022
1,4,3,Keenan Allen,00-0030279,27.0,WR,Team_1,2022
1,4,4,James Conner,00-0033553,28.0,RB,Team_8,2022
1,4,5,Patrick Mahomes II,00-0033873,29.0,QB,Team_7,2022
1,4,6,Ezekiel Elliott,00-0033045,30.0,RB,Team_5,2022
1,4,7,AJ Brown,00-0035676,31.0,WR,Team_3,2022
1,4,8,Kyle Pitts,00-0036970,32.0,TE,Team_4,2022
1,5,1,Michael Pittman,00-0036252,33.0,WR,Team_4,2022
1,5,2,Tee Higgins,00-0036410,34.0,WR,Team_3,2022
1,5,3,Justin Herbert,00-0036355,35.0,QB,Team_5,2022
1,5,4,David Montgomery,00-0035685,36.0,RB,Team_7,2022
1,5,5,Cam Akers,00-0036414,37.0,RB,Team_8,2022
1,5,6,George Kittle,00-0033288,38.0,TE,Team_1,2022
1,5,7,Travis Etienne,00-0036973,39.0,RB,Team_2,2022
1,5,8,Terry McLaurin,00-0035659,40.0,WR,Team_6,2022
1,6,1,Lamar Jackson,00-0034796,41.0,QB,Team_6,2022
1,6,2,DJ Moore,00-0034827,42.0,WR,Team_2,2022
1,6,3,Diontae Johnson,00-0035216,43.0,WR,Team_1,2022
1,6,4,Darren Waller,00-0031610,44.0,TE,Team_8,2022
1,6,5,Mike Williams,00-0033536,45.0,WR,Team_7,2022
1,6,6,Jaylen Waddle,00-0036613,46.0,WR,Team_5,2022
1,6,7,DK Metcalf,00-0035640,47.0,WR,Team_3,2022
1,6,8,Josh Jacobs,00-0035700,48.0,RB,Team_4,2022
1,7,1,Elijah Mitchell,00-0036567,49.0,RB,Team_4,2022
1,7,2,JK Dobbins,00-0036158,50.0,RB,Team_3,2022
1,7,3,Breece Hall,00-0038120,51.0,RB,Team_5,2022
1,7,4,Kyler Murray,00-0035228,52.0,QB,Team_7,2022
1,7,5,Jalen Hurts,00-0036389,53.0,QB,Team_8,2022
1,7,6,Brandin Cooks,00-0031236,54.0,WR,Team_1,2022
1,7,7,Dalton Schultz,00-0034383,55.0,TE,Team_2,2022
1,7,8,Courtland Sutton,00-0034348,56.0,WR,Team_6,2022
1,8,1,Joe Burrow,00-0036442,57.0,QB,Team_6,2022
1,8,2,Marquise Brown,00-0035662,58.0,WR,Team_2,2022
1,8,3,Chris Godwin,00-0033921,59.0,WR,Team_1,2022
1,8,4,Allen Robinson II,00-0031428,60.0,WR,Team_8,2022
1,8,5,Amon-Ra St Brown,00-0036963,61.0,WR,Team_7,2022
1,8,6,Clyde Edwards-Helaire,00-0036360,62.0,RB,Team_5,2022
1,8,7,Antonio Gibson,00-0036328,63.0,RB,Team_3,2022
1,8,8,TJ Hockenson,00-0035229,64.0,TE,Team_4,2022
1,9,1,Jerry Jeudy,00-0036407,65.0,WR,Team_4,2022
1,9,2,Gabe Davis,00-0036196,66.0,WR,Team_3,2022
1,9,3,AJ Dillon,00-0036265,67.0,RB,Team_5,2022
1,9,4,Amari Cooper,00-0031544,68.0,WR,Team_7,2022
1,9,5,Dallas Goedert,00-0034351,69.0,TE,Team_8,2022
1,9,6,Tom Brady,00-0019596,70.0,QB,Team_1,2022
1,9,7,Adam Thielen,00-0030035,71.0,WR,Team_2,2022
1,9,8,Darnell Mooney,00-0036309,72.0,WR,Team_6,2022
1,10,1,JuJu Smith-Schuster,00-0033857,73.0,WR,Team_6,2022
1,10,2,Russell Wilson,00-0029263,74.0,QB,Team_2,2022
1,10,3,Michael Thomas,00-0032765,75.0,WR,Team_1,2022
1,10,4,Aaron Rodgers,00-0023459,76.0,QB,Team_8,2022
1,10,5,Dak Prescott,00-0033077,77.0,QB,Team_7,2022
1,10,6,Devin Singletary,00-0035250,78.0,RB,Team_5,2022
1,10,7,Hunter Renfrow,00-0034983,79.0,WR,Team_3,2022
1,10,8,DeAndre Hopkins,00-0030564,80.0,WR,Team_4,2022
1,11,1,Dameon Pierce,00-0037258,81.0,RB,Team_4,2022
1,11,2,Damien Harris,00-0035657,82.0,RB,Team_3,2022
1,11,3,Miles Sanders,00-0035243,83.0,RB,Team_5,2022
1,11,4,Kareem Hunt,00-0033923,84.0,RB,Team_7,2022
1,11,5,Cordarrelle Patterson,00-0030578,85.0,RB,Team_8,2022
1,11,6,Tony Pollard,00-0035261,86.0,RB,Team_1,2022
1,11,7,Chase Edmonds,00-0034681,87.0,RB,Team_2,2022
1,11,8,Rashaad Penny,00-0034750,88.0,RB,Team_6,2022
1,12,1,Rashod Bateman,00-0036550,89.0,WR,Team_6,2022
1,12,2,Zach Ertz,00-0030061,90.0,TE,Team_2,2022
1,12,3,Dawson Knox,00-0035689,91.0,TE,Team_1,2022
1,12,4,Elijah Moore,00-0036980,92.0,WR,Team_8,2022
1,12,5,DeVonta Smith,00-0036912,93.0,WR,Team_7,2022
1,12,6,Buffalo Bills,BUF,94.0,DST,Team_5,2022
1,12,7,Matthew Stafford,00-0026498,95.0,QB,Team_3,2022
1,12,8,Tyler Lockett,00-0032211,96.0,WR,Team_4,2022
1,13,1,Brandon Aiyuk,00-0036261,97.0,WR,Team_4,2022
1,13,2,Drake London,00-0037238,98.0,WR,Team_3,2022
1,13,3,Rhamondre Stevenson,00-0036875,99.0,RB,Team_5,2022
1,13,4,Christian Kirk,00-0034775,100.0,WR,Team_7,2022
1,13,5,Trey Lance,00-0037012,101.0,QB,Team_8,2022
1,13,6,Robert Woods,00-0030431,102.0,WR,Team_1,2022
1,13,7,Allen Lazard,00-0034521,103.0,WR,Team_2,2022
1,13,8,Justin Tucker,00-0029597,104.0,K,Team_6,2022
1,14,1,Melvin Gordon,00-0032144,105.0,RB,Team_6,2022
1,14,2,Pat Freiermuth,00-0036894,106.0,TE,Team_2,2022
1,14,3,Chris Olave,00-0037239,107.0,WR,Team_1,2022
1,14,4,Tampa Bay Buccaneers,TB,108.0,DST,Team_8,2022
1,14,5,Derek Carr,00-0031280,109.0,QB,Team_7,2022
1,14,6,Kenneth Walker,00-0038134,110.0,RB,Team_5,2022
1,14,7,Chase Claypool,00-0036326,111.0,WR,Team_3,2022
1,14,8,San Francisco 49ers,SF,114.0,DST,Team_4,2022
1,15,1,Kirk Cousins,00-0029604,119.0,QB,Team_4,2022
1,15,2,Indianapolis Colts,IND,118.0,DST,Team_3,2022
1,15,3,James Robinson,00-0035831,112.0,RB,Team_5,2022
1,15,4,Los Angeles Rams,LAR,121.0,DST,Team_7,2022
1,15,5,Michael Carter,00-0036924,113.0,RB,Team_8,2022
1,15,6,Harrison Butker,00-0033303,122.0,K,Team_1,2022
1,15,7,Evan McPherson,00-0036854,123.0,K,Team_2,2022
1,15,8,Kadarius Toney,00-0036913,115.0,WR,Team_6,2022
1,16,1,New Orleans Saints,NOR,131.0,DST,Team_6,2022
1,16,2,Dallas Cowboys,DAL,135.0,DST,Team_2,2022
1,16,3,Green Bay Packers,GB,139.0,DST,Team_1,2022
1,16,4,Daniel Carlson,00-0034161,127.0,K,Team_8,2022
1,16,5,Tyler Bass,00-0036162,129.0,K,Team_7,2022
1,16,6,Matt Gay,00-0035269,132.0,K,Team_5,2022
1,16,7,Matt Prater,00-0023853,149.0,K,Team_3,2022
1,16,8,Younghoe Koo,00-0033702,162.0,K,Team_4,2022
2,1,1,Christian McCaffrey,00-0033280,1.0,RB,Team_8,2021
2,1,2,Dalvin Cook,00-0033893,2.0,RB,Team_3,2021
2,1,3,Alvin Kamara,00-0033906,3.0,RB,Team_5,2021
2,1,4,Derrick Henry,00-0032764,4.0,RB,Team_6,2021
2,1,5,Ezekiel Elliott,00-0033045,5.0,RB,Team_1,2021
2,1,6,Davante Adams,00-0031381,6.0,WR,Team_2,2021
2,1,7,Travis Kelce,00-0030506,7.0,TE,Team_4,2021
2,1,8,Aaron Jones,00-0033293,8.0,RB,Team_7,2021
2,2,1,Saquon Barkley,00-0034844,9.0,RB,Team_7,2021
2,2,2,Nick Chubb,00-0034791,10.0,RB,Team_4,2021
2,2,3,Austin Ekeler,00-0033699,11.0,RB,Team_2,2021
2,2,4,Jonathan Taylor,00-0036223,12.0,RB,Team_1,2021
2,2,5,Tyreek Hill,00-0033040,13.0,WR,Team_6,2021
2,2,6,Stefon Diggs,00-0031588,14.0,WR,Team_5,2021
2,2,7,Najee Harris,00-0036893,15.0,RB,Team_3,2021
2,2,8,DeAndre Hopkins,00-0030564,16.0,WR,Team_8,2021
2,3,1,Antonio Gibson,00-0036328,17.0,RB,Team_8,2021
2,3,2,Patrick Mahomes II,00-0033873,18.0,QB,Team_3,2021
2,3,3,Calvin Ridley,00-0034837,19.0,WR,Team_5,2021
2,3,4,DK Metcalf,00-0035640,20.0,WR,Team_6,2021
2,3,5,Joe Mixon,00-0033897,21.0,RB,Team_1,2021
2,3,6,Darren Waller,00-0031610,22.0,TE,Team_2,2021
2,3,7,Justin Jefferson,00-0036322,23.0,WR,Team_4,2021
2,3,8,AJ Brown,00-0035676,24.0,WR,Team_7,2021
2,4,1,Clyde Edwards-Helaire,00-0036360,25.0,RB,Team_7,2021
2,4,2,George Kittle,00-0033288,26.0,TE,Team_4,2021
2,4,3,Keenan Allen,00-0030279,27.0,WR,Team_2,2021
2,4,4,Terry McLaurin,00-0035659,28.0,WR,Team_1,2021
2,4,5,Josh Allen,00-0034857,29.0,QB,Team_6,2021
2,4,6,David Montgomery,00-0035685,30.0,RB,Team_5,2021
2,4,7,Allen Robinson II,00-0031428,31.0,WR,Team_3,2021
2,4,8,Chris Carson,00-0033594,32.0,RB,Team_8,2021
2,5,1,CeeDee Lamb,00-0036358,33.0,WR,Team_8,2021
2,5,2,James Robinson,00-0035831,34.0,RB,Team_3,2021
2,5,3,Mike Evans,00-0031408,35.0,WR,Team_5,2021
2,5,4,Josh Jacobs,00-0035700,36.0,RB,Team_6,2021
2,5,5,D'Andre Swift,00-0036275,37.0,RB,Team_1,2021
2,5,6,Miles Sanders,00-0035243,38.0,RB,Team_2,2021
2,5,7,Robert Woods,00-0030431,39.0,WR,Team_4,2021
2,5,8,Kyler Murray,00-0035228,40.0,QB,Team_7,2021
2,6,1,Amari Cooper,00-0031544,41.0,WR,Team_7,2021
2,6,2,Chris Godwin,00-0033921,42.0,WR,Team_4,2021
2,6,3,Lamar Jackson,00-0034796,43.0,QB,Team_2,2021
2,6,4,Cooper Kupp,00-0033908,44.0,WR,Team_1,2021
2,6,5,Julio Jones,00-0027944,45.0,WR,Team_6,2021
2,6,6,Kyle Pitts,00-0036970,46.0,TE,Team_5,2021
2,6,7,Tyler Lockett,00-0032211,47.0,WR,Team_3,2021
2,6,8,Myles Gaskin,00-0035311,48.0,RB,Team_8,2021
2,7,1,Mark Andrews,00-0034753,49.0,TE,Team_8,2021
2,7,2,Adam Thielen,00-0030035,50.0,WR,Team_3,2021
2,7,3,Diontae Johnson,00-0035216,51.0,WR,Team_5,2021
2,7,4,DJ Moore,00-0034827,52.0,WR,Team_6,2021
2,7,5,Aaron Rodgers,00-0023459,53.0,QB,Team_1,2021
2,7,6,Russell Wilson,00-0029263,54.0,QB,Team_2,2021
2,7,7,Dak Prescott,00-0033077,55.0,QB,Team_4,2021
2,7,8,Mike Davis,00-0032063,56.0,RB,Team_7,2021
2,8,1,Kareem Hunt,00-0033923,57.0,RB,Team_7,2021
2,8,2,TJ Hockenson,00-0035229,58.0,TE,Team_4,2021
2,8,3,Darrell Henderson,00-0035664,59.0,RB,Team_2,2021
2,8,4,Javonte Williams,00-0036997,60.0,RB,Team_1,2021
2,8,5,Brandon Aiyuk,00-0036261,61.0,WR,Team_6,2021
2,8,6,Chase Edmonds,00-0034681,62.0,RB,Team_5,2021
2,8,7,Justin Herbert,00-0036355,63.0,QB,Team_3,2021
2,8,8,Tee Higgins,00-0036410,64.0,WR,Team_8,2021
2,9,1,Gus Edwards,00-0034184,65.0,RB,Team_8,2021
2,9,2,Odell Beckham,00-0031235,66.0,WR,Team_3,2021
2,9,3,Raheem Mostert,00-0031687,67.0,RB,Team_5,2021
2,9,4,Chase Claypool,00-0036326,68.0,WR,Team_6,2021
2,9,5,JuJu Smith-Schuster,00-0033857,69.0,WR,Team_1,2021
2,9,6,Tom Brady,00-0019596,70.0,QB,Team_2,2021
2,9,7,Damien Harris,00-0035657,71.0,RB,Team_4,2021
2,9,8,Jerry Jeudy,00-0036407,72.0,WR,Team_7,2021
2,10,1,Ja'Marr Chase,00-0036900,73.0,WR,Team_7,2021
2,10,2,Kenny Golladay,00-0033932,74.0,WR,Team_4,2021
2,10,3,DeVonta Smith,00-0036912,75.0,WR,Team_2,2021
2,10,4,Robbie Chosen,00-0032688,76.0,WR,Team_1,2021
2,10,5,Michael Thomas,00-0032765,77.0,WR,Team_6,2021
2,10,6,Melvin Gordon,00-0032144,78.0,RB,Team_5,2021
2,10,7,Courtland Sutton,00-0034348,79.0,WR,Team_3,2021
2,10,8,Logan Thomas,00-0031260,80.0,TE,Team_8,2021
2,11,1,Noah Fant,00-0035644,81.0,TE,Team_8,2021
2,11,2,Leonard Fournette,00-0033856,82.0,RB,Team_3,2021
2,11,3,Trey Sermon,00-0036984,83.0,RB,Team_5,2021
2,11,4,Deebo Samuel,00-0035719,84.0,WR,Team_6,2021
2,11,5,Matthew Stafford,00-0026498,85.0,QB,Team_1,2021
2,11,6,Robert Tonyan,00-0033757,86.0,TE,Team_2,2021
2,11,7,Tyler Boyd,00-0033009,87.0,WR,Team_4,2021
2,11,8,Ronald Jones,00-0034816,88.0,RB,Team_7,2021
2,12,1,Laviska Shenault,00-0036268,89.0,WR,Team_7,2021
2,12,2,Brandin Cooks,00-0031236,90.0,WR,Team_4,2021
2,12,3,Ryan Tannehill,00-0029701,91.0,QB,Team_2,2021
2,12,4,Michael Carter,00-0036924,92.0,RB,Team_1,2021
2,12,5,Antonio Brown,00-0027793,93.0,WR,Team_6,2021
2,12,6,Corey Davis,00-0033871,94.0,WR,Team_5,2021
2,12,7,Jalen Hurts,00-0036389,95.0,QB,Team_3,2021
2,12,8,Dallas Goedert,00-0034351,96.0,TE,Team_8,2021
2,13,1,James Conner,00-0033553,97.0,RB,Team_8,2021
2,13,2,DJ Chark,00-0034777,98.0,WR,Team_3,2021
2,13,3,Jarvis Landry,00-0031382,99.0,WR,Team_5,2021
2,13,4,Tampa Bay Buccaneers,TB,100.0,DST,Team_6,2021
2,13,5,AJ Dillon,00-0036265,101.0,RB,Team_1,2021
2,13,6,Kenyan Drake,00-0033118,102.0,RB,Team_2,2021
2,13,7,Michael Pittman,00-0036252,103.0,WR,Team_4,2021
2,13,8,Zack Moss,00-0036251,104.0,RB,Team_7,2021
2,14,1,Jaylen Waddle,00-0036613,105.0,WR,Team_7,2021
2,14,2,Los Angeles Rams,LAR,106.0,DST,Team_4,2021
2,14,3,Mike Gesicki,00-0034829,107.0,TE,Team_2,2021
2,14,4,William Fuller,00-0033127,108.0,WR,Team_1,2021
2,14,5,Pittsburgh Steelers,PIT,109.0,DST,Team_6,2021
2,14,6,Joe Burrow,00-0036442,110.0,QB,Team_5,2021
2,14,7,Tyler Higbee,00-0033110,111.0,TE,Team_3,2021
2,14,8,Washington Commanders,WAS,117.0,DST,Team_8,2021
2,15,1,Harrison Butker,00-0033303,126.0,K,Team_8,2021
2,15,2,Baltimore Ravens,BAL,123.0,DST,Team_3,2021
2,15,3,Justin Tucker,00-0029597,127.0,K,Team_5,2021
2,15,4,Devin Singletary,00-0035250,112.0,RB,Team_6,2021
2,15,5,San Francisco 49ers,SF,135.0,DST,Team_1,2021
2,15,6,Buffalo Bills,BUF,137.0,DST,Team_2,2021
2,15,7,Jamaal Williams,00-0033948,113.0,RB,Team_4,2021
2,15,8,Younghoe Koo,00-0033702,141.0,K,Team_7,2021
2,16,1,Indianapolis Colts,IND,148.0,DST,Team_7,2021
2,16,2,Tyler Bass,00-0036162,152.0,K,Team_4,2021
2,16,3,Jason Sanders,00-0034794,158.0,K,Team_2,2021
2,16,4,Ryan Succop,00-0026968,162.0,K,Team_1,2021
2,16,5,Rodrigo Blankenship,00-0035849,174.0,K,Team_6,2021
2,16,6,New England Patriots,NE,155.0,DST,Team_5,2021
2,16,7,Greg Zuerlein,00-0029621,175.0,K,Team_3,2021
2,16,8,Trevor Lawrence,00-0036971,128.0,QB,Team_8,2021
3,1,1,Jonathan Taylor,00-0036223,1.0,RB,Team_8,2022
3,1,2,Christian McCaffrey,00-0033280,2.0,RB,Team_1,2022
3,1,3,Austin Ekeler,00-0033699,3.0,RB,Team_7,2022
3,1,4,Cooper Kupp,00-0033908,4.0,WR,Team_6,2022
3,1,5,Derrick Henry,00-0032764,5.0,RB,Team_3,2022
3,1,6,Justin Jefferson,00-0036322,6.0,WR,Team_5,2022
3,1,7,Dalvin Cook,00-0033893,7.0,RB,Team_4,2022
3,1,8,Najee Harris,00-0036893,8.0,RB,Team_2,2022
3,2,1,Ja'Marr Chase,00-0036900,9.0,WR,Team_2,2022
3,2,2,Joe Mixon,00-0033897,10.0,RB,Team_4,2022
3,2,3,Davante Adams,00-0031381,11.0,WR,Team_5,2022
3,2,4,Stefon Diggs,00-0031588,12.0,WR,Team_3,2022
3,2,5,Alvin Kamara,00-0033906,13.0,RB,Team_6,2022
3,2,6,Travis Kelce,00-0030506,14.0,TE,Team_7,2022
3,2,7,D'Andre Swift,00-0036275,15.0,RB,Team_1,2022
3,2,8,Deebo Samuel,00-0035719,16.0,WR,Team_8,2022
3,3,1,Aaron Jones,00-0033293,17.0,RB,Team_8,2022
3,3,2,CeeDee Lamb,00-0036358,18.0,WR,Team_1,2022
3,3,3,Tyreek Hill,00-0033040,19.0,WR,Team_7,2022
3,3,4,Nick Chubb,00-0034791,20.0,RB,Team_6,2022
3,3,5,Saquon Barkley,00-0034844,21.0,RB,Team_3,2022
3,3,6,Josh Allen,00-0034857,22.0,QB,Team_5,2022
3,3,7,Mark Andrews,00-0034753,23.0,TE,Team_4,2022
3,3,8,Leonard Fournette,00-0033856,24.0,RB,Team_2,2022
3,4,1,Javonte Williams,00-0036997,25.0,RB,Team_2,2022
3,4,2,Mike Evans,00-0031408,26.0,WR,Team_4,2022
3,4,3,Keenan Allen,00-0030279,27.0,WR,Team_5,2022
3,4,4,James Conner,00-0033553,28.0,RB,Team_3,2022
3,4,5,Patrick Mahomes II,00-0033873,29.0,QB,Team_6,2022
3,4,6,Ezekiel Elliott,00-0033045,30.0,RB,Team_7,2022
3,4,7,AJ Brown,00-0035676,31.0,WR,Team_1,2022
3,4,8,Kyle Pitts,00-0036970,32.0,TE,Team_8,2022
3,5,1,Michael Pittman,00-0036252,33.0,WR,Team_8,2022
3,5,2,Tee Higgins,00-0036410,34.0,WR,Team_1,2022
3,5,3,Justin Herbert,00-0036355,35.0,QB,Team_7,2022
3,5,4,David Montgomery,00-0035685,36.0,RB,Team_6,2022
3,5,5,Cam Akers,00-0036414,37.0,RB,Team_3,2022
3,5,6,George Kittle,00-0033288,38.0,TE,Team_5,2022
3,5,7,Travis Etienne,00-0036973,39.0,RB,Team_4,2022
3,5,8,Terry McLaurin,00-0035659,40.0,WR,Team_2,2022
3,6,1,Lamar Jackson,00-0034796,41.0,QB,Team_2,2022
3,6,2,DJ Moore,00-0034827,42.0,WR,Team_4,2022
3,6,3,Diontae Johnson,00-0035216,43.0,WR,Team_5,2022
3,6,4,Darren Waller,00-0031610,44.0,TE,Team_3,2022
3,6,5,Mike Williams,00-0033536,45.0,WR,Team_6,2022
3,6,6,Jaylen Waddle,00-0036613,46.0,WR,Team_7,2022
3,6,7,DK Metcalf,00-0035640,47.0,WR,Team_1,2022
3,6,8,Josh Jacobs,00-0035700,48.0,RB,Team_8,2022
3,7,1,Elijah Mitchell,00-0036567,49.0,RB,Team_8,2022
3,7,2,JK Dobbins,00-0036158,50.0,RB,Team_1,2022
3,7,3,Breece Hall,00-0038120,51.0,RB,Team_7,2022
3,7,4,Kyler Murray,00-0035228,52.0,QB,Team_6,2022
3,7,5,Jalen Hurts,00-0036389,53.0,QB,Team_3,2022
3,7,6,Brandin Cooks,00-0031236,54.0,WR,Team_5,2022
3,7,7,Dalton Schultz,00-0034383,55.0,TE,Team_4,2022
3,7,8,Courtland Sutton,00-0034348,56.0,WR,Team_2,2022
3,8,1,Joe Burrow,00-0036442,57.0,QB,Team_2,2022
3,8,2,Marquise Brown,00-0035662,58.0,WR,Team_4,2022
3,8,3,Chris Godwin,00-0033921,59.0,WR,Team_5,2022
3,8,4,Allen Robinson II,00-0031428,60.0,WR,Team_3,2022
3,8,5,Amon-Ra St Brown,00-0036963,61.0,WR,Team_6,2022
3,8,6,Clyde Edwards-Helaire,00-0036360,62.0,RB,Team_7,2022
3,8,7,Antonio Gibson,00-0036328,63.0,RB,Team_1,2022
3,8,8,TJ Hockenson,00-0035229,64.0,TE,Team_8,2022
3,9,1,Jerry Jeudy,00-0036407,65.0,WR,Team_8,2022
3,9,2,Gabe Davis,00-0036196,66.0,WR,Team_1,2022
3,9,3,AJ Dillon,00-0036265,67.0,RB,Team_7,2022
3,9,4,Amari Cooper,00-0031544,68.0,WR,Team_6,2022
3,9,5,Dallas Goedert,00-0034351,69.0,TE,Team_3,2022
3,9,6,Tom Brady,00-0019596,70.0,QB,Team_5,2022
3,9,7,Adam Thielen,00-0030035,71.0,WR,Team_4,2022
3,9,8,Darnell Mooney,00-0036309,72.0,WR,Team_2,2022
3,10,1,JuJu Smith-Schuster,00-0033857,73.0,WR,Team_2,2022
3,10,2,Russell Wilson,00-0029263,74.0,QB,Team_4,2022
3,10,3,Michael Thomas,00-0032765,75.0,WR,Team_5,2022
3,10,4,Aaron Rodgers,00-0023459,76.0,QB,Team_3,2022
3,10,5,Dak Prescott,00-0033077,77.0,QB,Team_6,2022
3,10,6,Devin Singletary,00-0035250,78.0,RB,Team_7,2022
3,10,7,Hunter Renfrow,00-0034983,79.0,WR,Team_1,2022
3,10,8,DeAndre Hopkins,00-0030564,80.0,WR,Team_8,2022
3,11,1,Dameon Pierce,00-0037258,81.0,RB,Team_8,2022
3,11,2,Damien Harris,00-0035657,82.0,RB,Team_1,2022
3,11,3,Miles Sanders,00-0035243,83.0,RB,Team_7,2022
3,11,4,Kareem Hunt,00-0033923,84.0,RB,Team_6,2022
3,11,5,Cordarrelle Patterson,00-0030578,85.0,RB,Team_3,2022
3,11,6,Tony Pollard,00-0035261,86.0,RB,Team_5,2022
3,11,7,Chase Edmonds,00-0034681,87.0,RB,Team_4,2022
3,11,8,Rashaad Penny,00-0034750,88.0,RB,Team_2,2022
3,12,1,Rashod Bateman,00-0036550,89.0,WR,Team_2,2022
3,12,2,Zach Ertz,00-0030061,90.0,TE,Team_4,2022
3,12,3,Dawson Knox,00-0035689,91.0,TE,Team_5,2022
3,12,4,Elijah Moore,00-0036980,92.0,WR,Team_3,2022
3,12,5,DeVonta Smith,00-0036912,93.0,WR,Team_6,2022
3,12,6,Buffalo Bills,BUF,94.0,DST,Team_7,2022
3,12,7,Matthew Stafford,00-0026498,95.0,QB,Team_1,2022
3,12,8,Tyler Lockett,00-0032211,96.0,WR,Team_8,2022
3,13,1,Brandon Aiyuk,00-0036261,97.0,WR,Team_8,2022
3,13,2,Drake London,00-0037238,98.0,WR,Team_1,2022
3,13,3,Rhamondre Stevenson,00-0036875,99.0,RB,Team_7,2022
3,13,4,Christian Kirk,00-0034775,100.0,WR,Team_6,2022
3,13,5,Trey Lance,00-0037012,101.0,QB,Team_3,2022
3,13,6,Robert Woods,00-0030431,102.0,WR,Team_5,2022
3,13,7,Allen Lazard,00-0034521,103.0,WR,Team_4,2022
3,13,8,Justin Tucker,00-0029597,104.0,K,Team_2,2022
3,14,1,Melvin Gordon,00-0032144,105.0,RB,Team_2,2022
3,14,2,Pat Freiermuth,00-0036894,106.0,TE,Team_4,2022
3,14,3,Chris Olave,00-0037239,107.0,WR,Team_5,2022
3,14,4,Tampa Bay Buccaneers,TB,108.0,DST,Team_3,2022
3,14,5,Derek Carr,00-0031280,109.0,QB,Team_6,2022
3,14,6,Kenneth Walker,00-0038134,110.0,RB,Team_7,2022
3,14,7,Chase Claypool,00-0036326,111.0,WR,Team_1,2022
3,14,8,San Francisco 49ers,SF,114.0,DST,Team_8,2022
3,15,1,Kirk Cousins,00-0029604,119.0,QB,Team_8,2022
3,15,2,Indianapolis Colts,IND,118.0,DST,Team_1,2022
3,15,3,James Robinson,00-0035831,112.0,RB,Team_7,2022
3,15,4,Los Angeles Rams,LAR,121.0,DST,Team_6,2022
3,15,5,Michael Carter,00-0036924,113.0,RB,Team_3,2022
3,15,6,Harrison Butker,00-0033303,122.0,K,Team_5,2022
3,15,7,Evan McPherson,00-0036854,123.0,K,Team_4,2022
3,15,8,Kadarius Toney,00-0036913,115.0,WR,Team_2,2022
3,16,1,New Orleans Saints,NOR,131.0,DST,Team_2,2022
3,16,2,Dallas Cowboys,DAL,135.0,DST,Team_4,2022
3,16,3,Green Bay Packers,GB,139.0,DST,Team_5,2022
3,16,4,Daniel Carlson,00-0034161,127.0,K,Team_3,2022
3,16,5,Tyler Bass,00-0036162,129.0,K,Team_6,2022
3,16,6,Matt Gay,00-0035269,132.0,K,Team_7,2022
3,16,7,Matt Prater,00-0023853,149.0,K,Team_1,2022
3,16,8,Younghoe Koo,00-0033702,162.0,K,Team_8,2022
4,1,1,Christian McCaffrey,00-0033280,1.0,RB,Team_8,2021
4,1,2,Dalvin Cook,00-0033893,2.0,RB,Team_1,2021
4,1,3,Alvin Kamara,00-0033906,3.0,RB,Team_6,2021
4,1,4,Derrick Henry,00-0032764,4.0,RB,Team_7,2021
4,1,5,Ezekiel Elliott,00-0033045,5.0,RB,Team_2,2021
4,1,6,Davante Adams,00-0031381,6.0,WR,Team_5,2021
4,1,7,Travis Kelce,00-0030506,7.0,TE,Team_3,2021
4,1,8,Aaron Jones,00-0033293,8.0,RB,Team_4,2021
4,2,1,Saquon Barkley,00-0034844,9.0,RB,Team_4,2021
4,2,2,Nick Chubb,00-0034791,10.0,RB,Team_3,2021
4,2,3,Austin Ekeler,00-0033699,11.0,RB,Team_5,2021
4,2,4,Jonathan Taylor,00-0036223,12.0,RB,Team_2,2021
4,2,5,Tyreek Hill,00-0033040,13.0,WR,Team_7,2021
4,2,6,Stefon Diggs,00-0031588,14.0,WR,Team_6,2021
4,2,7,Najee Harris,00-0036893,15.0,RB,Team_1,2021
4,2,8,DeAndre Hopkins,00-0030564,16.0,WR,Team_8,2021
4,3,1,Antonio Gibson,00-0036328,17.0,RB,Team_8,2021
4,3,2,Patrick Mahomes II,00-0033873,18.0,QB,Team_1,2021
4,3,3,Calvin Ridley,00-0034837,19.0,WR,Team_6,2021
4,3,4,DK Metcalf,00-0035640,20.0,WR,Team_7,2021
4,3,5,Joe Mixon,00-0033897,21.0,RB,Team_2,2021
4,3,6,Darren Waller,00-0031610,22.0,TE,Team_5,2021
4,3,7,Justin Jefferson,00-0036322,23.0,WR,Team_3,2021
4,3,8,AJ Brown,00-0035676,24.0,WR,Team_4,2021
4,4,1,Clyde Edwards-Helaire,00-0036360,25.0,RB,Team_4,2021
4,4,2,George Kittle,00-0033288,26.0,TE,Team_3,2021
4,4,3,Keenan Allen,00-0030279,27.0,WR,Team_5,2021
4,4,4,Terry McLaurin,00-0035659,28.0,WR,Team_2,2021
4,4,5,Josh Allen,00-0034857,29.0,QB,Team_7,2021
4,4,6,David Montgomery,00-0035685,30.0,RB,Team_6,2021
4,4,7,Allen Robinson II,00-0031428,31.0,WR,Team_1,2021
4,4,8,Chris Carson,00-0033594,32.0,RB,Team_8,2021
4,5,1,CeeDee Lamb,00-0036358,33.0,WR,Team_8,2021
4,5,2,James Robinson,00-0035831,34.0,RB,Team_1,2021
4,5,3,Mike Evans,00-0031408,35.0,WR,Team_6,2021
4,5,4,Josh Jacobs,00-0035700,36.0,RB,Team_7,2021
4,5,5,D'Andre Swift,00-0036275,37.0,RB,Team_2,2021
4,5,6,Miles Sanders,00-0035243,38.0,RB,Team_5,2021
4,5,7,Robert Woods,00-0030431,39.0,WR,Team_3,2021
4,5,8,Kyler Murray,00-0035228,40.0,QB,Team_4,2021
4,6,1,Amari Cooper,00-0031544,41.0,WR,Team_4,2021
4,6,2,Chris Godwin,00-0033921,42.0,WR,Team_3,2021
4,6,3,Lamar Jackson,00-0034796,43.0,QB,Team_5,2021
4,6,4,Cooper Kupp,00-0033908,44.0,WR,Team_2,2021
4,6,5,Julio Jones,00-0027944,45.0,WR,Team_7,2021
4,6,6,Kyle Pitts,00-0036970,46.0,TE,Team_6,2021
4,6,7,Tyler Lockett,00-0032211,47.0,WR,Team_1,2021
4,6,8,Myles Gaskin,00-0035311,48.0,RB,Team_8,2021
4,7,1,Mark Andrews,00-0034753,49.0,TE,Team_8,2021
4,7,2,Adam Thielen,00-0030035,50.0,WR,Team_1,2021
4,7,3,Diontae Johnson,00-0035216,51.0,WR,Team_6,2021
4,7,4,DJ Moore,00-0034827,52.0,WR,Team_7,2021
4,7,5,Aaron Rodgers,00-0023459,53.0,QB,Team_2,2021
4,7,6,Russell Wilson,00-0029263,54.0,QB,Team_5,2021
4,7,7,Dak Prescott,00-0033077,55.0,QB,Team_3,2021
4,7,8,Mike Davis,00-0032063,56.0,RB,Team_4,2021
4,8,1,Kareem Hunt,00-0033923,57.0,RB,Team_4,2021
4,8,2,TJ Hockenson,00-0035229,58.0,TE,Team_3,2021
4,8,3,Darrell Henderson,00-0035664,59.0,RB,Team_5,2021
4,8,4,Javonte Williams,00-0036997,60.0,RB,Team_2,2021
4,8,5,Brandon Aiyuk,00-0036261,61.0,WR,Team_7,2021
4,8,6,Chase Edmonds,00-0034681,62.0,RB,Team_6,2021
4,8,7,Justin Herbert,00-0036355,63.0,QB,Team_1,2021
4,8,8,Tee Higgins,00-0036410,64.0,WR,Team_8,2021
4,9,1,Gus Edwards,00-0034184,65.0,RB,Team_8,2021
4,9,2,Odell Beckham,00-0031235,66.0,WR,Team_1,2021
4,9,3,Raheem Mostert,00-0031687,67.0,RB,Team_6,2021
4,9,4,Chase Claypool,00-0036326,68.0,WR,Team_7,2021
4,9,5,JuJu Smith-Schuster,00-0033857,69.0,WR,Team_2,2021
4,9,6,Tom Brady,00-0019596,70.0,QB,Team_5,2021
4,9,7,Damien Harris,00-0035657,71.0,RB,Team_3,2021
4,9,8,Jerry Jeudy,00-0036407,72.0,WR,Team_4,2021
4,10,1,Ja'Marr Chase,00-0036900,73.0,WR,Team_4,2021
4,10,2,Kenny Golladay,00-0033932,74.0,WR,Team_3,2021
4,10,3,DeVonta Smith,00-0036912,75.0,WR,Team_5,2021
4,10,4,Robbie Chosen,00-0032688,76.0,WR,Team_2,2021
4,10,5,Michael Thomas,00-0032765,77.0,WR,Team_7,2021
4,10,6,Melvin Gordon,00-0032144,78.0,RB,Team_6,2021
4,10,7,Courtland Sutton,00-0034348,79.0,WR,Team_1,2021
4,10,8,Logan Thomas,00-0031260,80.0,TE,Team_8,2021
4,11,1,Noah Fant,00-0035644,81.0,TE,Team_8,2021
4,11,2,Leonard Fournette,00-0033856,82.0,RB,Team_1,2021
4,11,3,Trey Sermon,00-0036984,83.0,RB,Team_6,2021
4,11,4,Deebo Samuel,00-0035719,84.0,WR,Team_7,2021
4,11,5,Matthew Stafford,00-0026498,85.0,QB,Team_2,2021
4,11,6,Robert Tonyan,00-0033757,86.0,TE,Team_5,2021
4,11,7,Tyler Boyd,00-0033009,87.0,WR,Team_3,2021
4,11,8,Ronald Jones,00-0034816,88.0,RB,Team_4,2021
4,12,1,Laviska Shenault,00-0036268,89.0,WR,Team_4,2021
4,12,2,Brandin Cooks,00-0031236,90.0,WR,Team_3,2021
4,12,3,Ryan Tannehill,00-0029701,91.0,QB,Team_5,2021
4,12,4,Michael Carter,00-0036924,92.0,RB,Team_2,2021
4,12,5,Antonio Brown,00-0027793,93.0,WR,Team_7,2021
4,12,6,Corey Davis,00-0033871,94.0,WR,Team_6,2021
4,12,7,Jalen Hurts,00-0036389,95.0,QB,Team_1,2021
4,12,8,Dallas Goedert,00-0034351,96.0,TE,Team_8,2021
4,13,1,James Conner,00-0033553,97.0,RB,Team_8,2021
4,13,2,DJ Chark,00-0034777,98.0,WR,Team_1,2021
4,13,3,Jarvis Landry,00-0031382,99.0,WR,Team_6,2021
4,13,4,Tampa Bay Buccaneers,TB,100.0,DST,Team_7,2021
4,13,5,AJ Dillon,00-0036265,101.0,RB,Team_2,2021
4,13,6,Kenyan Drake,00-0033118,102.0,RB,Team_5,2021
4,13,7,Michael Pittman,00-0036252,103.0,WR,Team_3,2021
4,13,8,Zack Moss,00-0036251,104.0,RB,Team_4,2021
4,14,1,Jaylen Waddle,00-0036613,105.0,WR,Team_4,2021
4,14,2,Los Angeles Rams,LAR,106.0,DST,Team_3,2021
4,14,3,Mike Gesicki,00-0034829,107.0,TE,Team_5,2021
4,14,4,William Fuller,00-0033127,108.0,WR,Team_2,2021
4,14,5,Pittsburgh Steelers,PIT,109.0,DST,Team_7,2021
4,14,6,Joe Burrow,00-0036442,110.0,QB,Team_6,2021
4,14,7,Tyler Higbee,00-0033110,111.0,TE,Team_1,2021
4,14,8,Washington Commanders,WAS,117.0,DST,Team_8,2021
4,15,1,Harrison Butker,00-0033303,126.0,K,Team_8,2021
4,15,2,Baltimore Ravens,BAL,123.0,DST,Team_1,2021
4,15,3,Justin Tucker,00-0029597,127.0,K,Team_6,2021
4,15,4,Devin Singletary,00-0035250,112.0,RB,Team_7,2021
4,15,5,San Francisco 49ers,SF,135.0,DST,Team_2,2021
4,15,6,Buffalo Bills,BUF,137.0,DST,Team_5,2021
4,15,7,Jamaal Williams,00-0033948,113.0,RB,Team_3,2021
4,15,8,Younghoe Koo,00-0033702,141.0,K,Team_4,2021
4,16,1,Indianapolis Colts,IND,148.0,DST,Team_4,2021
4,16,2,Tyler Bass,00-0036162,152.0,K,Team_3,2021
4,16,3,Jason Sanders,00-0034794,158.0,K,Team_5,2021
4,16,4,Ryan Succop,00-0026968,162.0,K,Team_2,2021
4,16,5,Rodrigo Blankenship,00-0035849,174.0,K,Team_7,2021
4,16,6,New England Patriots,NE,155.0,DST,Team_6,2021
4,16,7,Greg Zuerlein,00-0029621,175.0,K,Team_1,2021
4,16,8,Trevor Lawrence,00-0036971,128.0,QB,Team_8,2021
5,1,1,Christian McCaffrey,00-0033280,1.0,RB,Team_5,2021
5,1,2,Dalvin Cook,00-0033893,2.0,RB,Team_2,2021
5,1,3,Alvin Kamara,00-0033906,3.0,RB,Team_7,2021
5,1,4,Derrick Henry,00-0032764,4.0,RB,Team_6,2021
5,1,5,Ezekiel Elliott,00-0033045,5.0,RB,Team_4,2021
5,1,6,Davante Adams,00-0031381,6.0,WR,Team_3,2021
5,1,7,Travis Kelce,00-0030506,7.0,TE,Team_8,2021
5,1,8,Aaron Jones,00-0033293,8.0,RB,Team_1,2021
5,2,1,Saquon Barkley,00-0034844,9.0,RB,Team_1,2021
5,2,2,Nick Chubb,00-0034791,10.0,RB,Team_8,2021
5,2,3,Austin Ekeler,00-0033699,11.0,RB,Team_3,2021
5,2,4,Jonathan Taylor,00-0036223,12.0,RB,Team_4,2021
5,2,5,Tyreek Hill,00-0033040,13.0,WR,Team_6,2021
5,2,6,Stefon Diggs,00-0031588,14.0,WR,Team_7,2021
5,2,7,Najee Harris,00-0036893,15.0,RB,Team_2,2021
5,2,8,DeAndre Hopkins,00-0030564,16.0,WR,Team_5,2021
5,3,1,Antonio Gibson,00-0036328,17.0,RB,Team_5,2021
5,3,2,Patrick Mahomes II,00-0033873,18.0,QB,Team_2,2021
5,3,3,Calvin Ridley,00-0034837,19.0,WR,Team_7,2021
5,3,4,DK Metcalf,00-0035640,20.0,WR,Team_6,2021
5,3,5,Joe Mixon,00-0033897,21.0,RB,Team_4,2021
5,3,6,Darren Waller,00-0031610,22.0,TE,Team_3,2021
5,3,7,Justin Jefferson,00-0036322,23.0,WR,Team_8,2021
5,3,8,AJ Brown,00-0035676,24.0,WR,Team_1,2021
5,4,1,Clyde Edwards-Helaire,00-0036360,25.0,RB,Team_1,2021
5,4,2,George Kittle,00-0033288,26.0,TE,Team_8,2021
5,4,3,Keenan Allen,00-0030279,27.0,WR,Team_3,2021
5,4,4,Terry McLaurin,00-0035659,28.0,WR,Team_4,2021
5,4,5,Josh Allen,00-0034857,29.0,QB,Team_6,2021
5,4,6,David Montgomery,00-0035685,30.0,RB,Team_7,2021
5,4,7,Allen Robinson II,00-0031428,31.0,WR,Team_2,2021
5,4,8,Chris Carson,00-0033594,32.0,RB,Team_5,2021
5,5,1,CeeDee Lamb,00-0036358,33.0,WR,Team_5,2021
5,5,2,James Robinson,00-0035831,34.0,RB,Team_2,2021
5,5,3,Mike Evans,00-0031408,35.0,WR,Team_7,2021
5,5,4,Josh Jacobs,00-0035700,36.0,RB,Team_6,2021
5,5,5,D'Andre Swift,00-0036275,37.0,RB,Team_4,2021
5,5,6,Miles Sanders,00-0035243,38.0,RB,Team_3,2021
5,5,7,Robert Woods,00-0030431,39.0,WR,Team_8,2021
5,5,8,Kyler Murray,00-0035228,40.0,QB,Team_1,2021
5,6,1,Amari Cooper,00-0031544,41.0,WR,Team_1,2021
5,6,2,Chris Godwin,00-0033921,42.0,WR,Team_8,2021
5,6,3,Lamar Jackson,00-0034796,43.0,QB,Team_3,2021
5,6,4,Cooper Kupp,00-0033908,44.0,WR,Team_4,2021
5,6,5,Julio Jones,00-0027944,45.0,WR,Team_6,2021
5,6,6,Kyle Pitts,00-0036970,46.0,TE,Team_7,2021
5,6,7,Tyler Lockett,00-0032211,47.0,WR,Team_2,2021
5,6,8,Myles Gaskin,00-0035311,48.0,RB,Team_5,2021
5,7,1,Mark Andrews,00-0034753,49.0,TE,Team_5,2021
5,7,2,Adam Thielen,00-0030035,50.0,WR,Team_2,2021
5,7,3,Diontae Johnson,00-0035216,51.0,WR,Team_7,2021
5,7,4,DJ Moore,00-0034827,52.0,WR,Team_6,2021
5,7,5,Aaron Rodgers,00-0023459,53.0,QB,Team_4,2021
5,7,6,Russell Wilson,00-0029263,54.0,QB,Team_3,2021
5,7,7,Dak Prescott,00-0033077,55.0,QB,Team_8,2021
5,7,8,Mike Davis,00-0032063,56.0,RB,Team_1,2021
5,8,1,Kareem Hunt,00-0033923,57.0,RB,Team_1,2021
5,8,2,TJ Hockenson,00-0035229,58.0,TE,Team_8,2021
5,8,3,Darrell Henderson,00-0035664,59.0,RB,Team_3,2021
5,8,4,Javonte Williams,00-0036997,60.0,RB,Team_4,2021
5,8,5,Brandon Aiyuk,00-0036261,61.0,WR,Team_6,2021
5,8,6,Chase Edmonds,00-0034681,62.0,RB,Team_7,2021
5,8,7,Justin Herbert,00-0036355,63.0,QB,Team_2,2021
5,8,8,Tee Higgins,00-0036410,64.0,WR,Team_5,2021
5,9,1,Gus Edwards,00-0034184,65.0,RB,Team_5,2021
5,9,2,Odell Beckham,00-0031235,66.0,WR,Team_2,2021
5,9,3,Raheem Mostert,00-0031687,67.0,RB,Team_7,2021
5,9,4,Chase Claypool,00-0036326,68.0,WR,Team_6,2021
5,9,5,JuJu Smith-Schuster,00-0033857,69.0,WR,Team_4,2021
5,9,6,Tom Brady,00-0019596,70.0,QB,Team_3,2021
5,9,7,Damien Harris,00-0035657,71.0,RB,Team_8,2021
5,9,8,Jerry Jeudy,00-0036407,72.0,WR,Team_1,2021
5,10,1,Ja'Marr Chase,00-0036900,73.0,WR,Team_1,2021
5,10,2,Kenny Golladay,00-0033932,74.0,WR,Team_8,2021
5,10,3,DeVonta Smith,00-0036912,75.0,WR,Team_3,2021
5,10,4,Robbie Chosen,00-0032688,76.0,WR,Team_4,2021
5,10,5,Michael Thomas,00-0032765,77.0,WR,Team_6,2021
5,10,6,Melvin Gordon,00-0032144,78.0,RB,Team_7,2021
5,10,7,Courtland Sutton,00-0034348,79.0,WR,Team_2,2021
5,10,8,Logan Thomas,00-0031260,80.0,TE,Team_5,2021
5,11,1,Noah Fant,00-0035644,81.0,TE,Team_5,2021
5,11,2,Leonard Fournette,00-0033856,82.0,RB,Team_2,2021
5,11,3,Trey Sermon,00-0036984,83.0,RB,Team_7,2021
5,11,4,Deebo Samuel,00-0035719,84.0,WR,Team_6,2021
5,11,5,Matthew Stafford,00-0026498,85.0,QB,Team_4,2021
5,11,6,Robert Tonyan,00-0033757,86.0,TE,Team_3,2021
5,11,7,Tyler Boyd,00-0033009,87.0,WR,Team_8,2021
5,11,8,Ronald Jones,00-0034816,88.0,RB,Team_1,2021
5,12,1,Laviska Shenault,00-0036268,89.0,WR,Team_1,2021
5,12,2,Brandin Cooks,00-0031236,90.0,WR,Team_8,2021
5,12,3,Ryan Tannehill,00-0029701,91.0,QB,Team_3,2021
5,12,4,Michael Carter,00-0036924,92.0,RB,Team_4,2021
5,12,5,Antonio Brown,00-0027793,93.0,WR,Team_6,2021
5,12,6,Corey Davis,00-0033871,94.0,WR,Team_7,2021
5,12,7,Jalen Hurts,00-0036389,95.0,QB,Team_2,2021
5,12,8,Dallas Goedert,00-0034351,96.0,TE,Team_5,2021
5,13,1,James Conner,00-0033553,97.0,RB,Team_5,2021
5,13,2,DJ Chark,00-0034777,98.0,WR,Team_2,2021
5,13,3,Jarvis Landry,00-0031382,99.0,WR,Team_7,2021
5,13,4,Tampa Bay Buccaneers,TB,100.0,DST,Team_6,2021
5,13,5,AJ Dillon,00-0036265,101.0,RB,Team_4,2021
5,13,6,Kenyan Drake,00-0033118,102.0,RB,Team_3,2021
5,13,7,Michael Pittman,00-0036252,103.0,WR,Team_8,2021
5,13,8,Zack Moss,00-0036251,104.0,RB,Team_1,2021
5,14,1,Jaylen Waddle,00-0036613,105.0,WR,Team_1,2021
5,14,2,Los Angeles Rams,LAR,106.0,DST,Team_8,2021
5,14,3,Mike Gesicki,00-0034829,107.0,TE,Team_3,2021
5,14,4,William Fuller,00-0033127,108.0,WR,Team_4,2021
5,14,5,Pittsburgh Steelers,PIT,109.0,DST,Team_6,2021
5,14,6,Joe Burrow,00-0036442,110.0,QB,Team_7,2021
5,14,7,Tyler Higbee,00-0033110,111.0,TE,Team_2,2021
5,14,8,Washington Commanders,WAS,117.0,DST,Team_5,2021
5,15,1,Harrison Butker,00-0033303,126.0,K,Team_5,2021
5,15,2,Baltimore Ravens,BAL,123.0,DST,Team_2,2021
5,15,3,Justin Tucker,00-0029597,127.0,K,Team_7,2021
5,15,4,Devin Singletary,00-0035250,112.0,RB,Team_6,2021
5,15,5,San Francisco 49ers,SF,135.0,DST,Team_4,2021
5,15,6,Buffalo Bills,BUF,137.0,DST,Team_3,2021
5,15,7,Jamaal Williams,00-0033948,113.0,RB,Team_8,2021
5,15,8,Younghoe Koo,00-0033702,141.0,K,Team_1,2021
5,16,1,Indianapolis Colts,IND,148.0,DST,Team_1,2021
5,16,2,Tyler Bass,00-0036162,152.0,K,Team_8,2021
5,16,3,Jason Sanders,00-0034794,158.0,K,Team_3,2021
5,16,4,Ryan Succop,00-0026968,162.0,K,Team_4,2021
5,16,5,Rodrigo Blankenship,00-0035849,174.0,K,Team_6,2021
5,16,6,New England Patriots,NE,155.0,DST,Team_7,2021
5,16,7,Greg Zuerlein,00-0029621,175.0,K,Team_2,2021
5,16,8,Trevor Lawrence,00-0036971,128.0,QB,Team_5,2021
6,1,1,Todd Gurley,00-0032241,1.0,RB,Team_5,2018
6,1,2,Le'Veon Bell,00-0030496,2.0,RB,Team_8,2018
6,1,3,David Johnson,00-0032187,3.0,RB,Team_2,2018
6,1,4,Ezekiel Elliott,00-0033045,4.0,RB,Team_4,2018
6,1,5,Antonio Brown,00-0027793,5.0,WR,Team_7,2018
6,1,6,Alvin Kamara,00-0033906,6.0,RB,Team_1,2018
6,1,7,Saquon Barkley,00-0034844,7.0,RB,Team_6,2018
6,1,8,DeAndre Hopkins,00-0030564,8.0,WR,Team_3,2018
6,2,1,Leonard Fournette,00-0033856,9.0,RB,Team_3,2018
6,2,2,Kareem Hunt,00-0033923,10.0,RB,Team_6,2018
6,2,3,Odell Beckham,00-0031235,11.0,WR,Team_1,2018
6,2,4,Melvin Gordon,00-0032144,12.0,RB,Team_7,2018
6,2,5,Julio Jones,00-0027944,13.0,WR,Team_4,2018
6,2,6,Dalvin Cook,00-0033893,14.0,RB,Team_2,2018
6,2,7,Christian McCaffrey,00-0033280,15.0,RB,Team_8,2018
6,2,8,Michael Thomas,00-0032765,16.0,WR,Team_5,2018
6,3,1,Keenan Allen,00-0030279,17.0,WR,Team_5,2018
6,3,2,Davante Adams,00-0031381,18.0,WR,Team_8,2018
6,3,3,Devonta Freeman,00-0031285,19.0,RB,Team_2,2018
6,3,4,AJ Green,00-0027942,20.0,WR,Team_4,2018
6,3,5,Rob Gronkowski,00-0027656,21.0,TE,Team_7,2018
6,3,6,Mike Evans,00-0031408,22.0,WR,Team_1,2018
6,3,7,Jordan Howard,00-0032780,23.0,RB,Team_6,2018
6,3,8,Joe Mixon,00-0033897,24.0,RB,Team_3,2018
6,4,1,Travis Kelce,00-0030506,25.0,TE,Team_3,2018
6,4,2,LeSean McCoy,00-0027029,26.0,RB,Team_6,2018
6,4,3,Tyreek Hill,00-0033040,27.0,WR,Team_1,2018
6,4,4,Aaron Rodgers,00-0023459,28.0,QB,Team_7,2018
6,4,5,TY Hilton,00-0029608,29.0,WR,Team_4,2018
6,4,6,Stefon Diggs,00-0031588,30.0,WR,Team_2,2018
6,4,7,Adam Thielen,00-0030035,31.0,WR,Team_8,2018
6,4,8,Larry Fitzgerald,00-0022921,32.0,WR,Team_5,2018
6,5,1,Kenyan Drake,00-0033118,33.0,RB,Team_5,2018
6,5,2,Amari Cooper,00-0031544,34.0,WR,Team_8,2018
6,5,3,Zach Ertz,00-0030061,35.0,TE,Team_2,2018
6,5,4,Doug Baldwin,00-0028434,36.0,WR,Team_4,2018
6,5,5,Alex Collins,00-0032426,37.0,RB,Team_7,2018
6,5,6,Jarvis Landry,00-0031382,38.0,WR,Team_1,2018
6,5,7,Royce Freeman,00-0034838,39.0,RB,Team_6,2018
6,5,8,Derrick Henry,00-0032764,40.0,RB,Team_3,2018
6,6,1,Demaryius Thomas,00-0027874,41.0,WR,Team_3,2018
6,6,2,Jay Ajayi,00-0031590,42.0,RB,Team_6,2018
6,6,3,JuJu Smith-Schuster,00-0033857,43.0,WR,Team_1,2018
6,6,4,Brandin Cooks,00-0031236,44.0,WR,Team_7,2018
6,6,5,Golden Tate,00-0027891,45.0,WR,Team_4,2018
6,6,6,Lamar Miller,00-0029615,46.0,RB,Team_2,2018
6,6,7,Tom Brady,00-0019596,47.0,QB,Team_8,2018
6,6,8,Deshaun Watson,00-0033537,48.0,QB,Team_5,2018
6,7,1,Allen Robinson II,00-0031428,49.0,WR,Team_5,2018
6,7,2,Josh Gordon,00-0029664,50.0,WR,Team_8,2018
6,7,3,Mark Ingram II,00-0027966,51.0,RB,Team_2,2018
6,7,4,Russell Wilson,00-0029263,52.0,QB,Team_4,2018
6,7,5,Jimmy Graham,00-0027696,53.0,TE,Team_7,2018
6,7,6,Marvin Jones,00-0029293,54.0,WR,Team_1,2018
6,7,7,Chris Hogan,00-0028237,55.0,WR,Team_6,2018
6,7,8,Dion Lewis,00-0028087,56.0,RB,Team_3,2018
6,8,1,Greg Olsen,00-0025418,57.0,TE,Team_3,2018
6,8,2,Marshawn Lynch,00-0025399,58.0,RB,Team_6,2018
6,8,3,Cam Newton,00-0027939,59.0,QB,Team_1,2018
6,8,4,Corey Davis,00-0033871,60.0,WR,Team_7,2018
6,8,5,Carlos Hyde,00-0031045,61.0,RB,Team_4,2018
6,8,6,Evan Engram,00-0033881,62.0,TE,Team_2,2018
6,8,7,Michael Crabtree,00-0026986,63.0,WR,Team_8,2018
6,8,8,Marquise Goodwin,00-0030068,64.0,WR,Team_5,2018
6,9,1,Emmanuel Sanders,00-0027685,65.0,WR,Team_5,2018
6,9,2,Rex Burkhead,00-0030288,66.0,RB,Team_8,2018
6,9,3,Drew Brees,00-0020531,67.0,QB,Team_2,2018
6,9,4,Tevin Coleman,00-0032058,68.0,RB,Team_4,2018
6,9,5,Julian Edelman,00-0027150,69.0,WR,Team_7,2018
6,9,6,Delanie Walker,00-0024389,70.0,TE,Team_1,2018
6,9,7,Alshon Jeffery,00-0029137,71.0,WR,Team_6,2018
6,9,8,Kyle Rudolph,00-0027981,72.0,TE,Team_3,2018
6,10,1,Kerryon Johnson,00-0034349,73.0,RB,Team_3,2018
6,10,2,Jamaal Williams,00-0033948,74.0,RB,Team_6,2018
6,10,3,William Fuller V,00-0033127,75.0,WR,Team_1,2018
6,10,4,Sammy Watkins,00-0031325,76.0,WR,Team_7,2018
6,10,5,Carson Wentz,00-0032950,77.0,QB,Team_4,2018
6,10,6,Robert Woods,00-0030431,78.0,WR,Team_2,2018
6,10,7,Sony Michel,00-0034845,79.0,RB,Team_8,2018
6,10,8,Devin Funchess,00-0032055,80.0,WR,Team_5,2018
6,11,1,Rashaad Penny,00-0034750,81.0,RB,Team_5,2018
6,11,2,Jordan Reed,00-0030472,82.0,TE,Team_8,2018
6,11,3,Cooper Kupp,00-0033908,83.0,WR,Team_2,2018
6,11,4,Tarik Cohen,00-0033556,84.0,RB,Team_4,2018
6,11,5,Trey Burton,00-0030710,85.0,TE,Team_7,2018
6,11,6,Jacksonville Jaguars,JAG,86.0,DST,Team_1,2018
6,11,7,Duke Johnson,00-0032257,87.0,RB,Team_6,2018
6,11,8,Kirk Cousins,00-0029604,88.0,QB,Team_3,2018
6,12,1,Jamison Crowder,00-0031941,89.0,WR,Team_3,2018
6,12,2,Robbie Chosen,00-0032688,90.0,WR,Team_6,2018
6,12,3,Chris Carson,00-0033594,91.0,RB,Team_1,2018
6,12,4,Andrew Luck,00-0029668,92.0,QB,Team_7,2018
6,12,5,Pierre Garcon,00-0026345,93.0,WR,Team_4,2018
6,12,6,Jordy Nelson,00-0026176,94.0,WR,Team_2,2018
6,12,7,Isaiah Crowell,00-0030656,95.0,RB,Team_8,2018
6,12,8,Matthew Stafford,00-0026498,96.0,QB,Team_5,2018
6,13,1,Randall Cobb,00-0028002,97.0,WR,Team_5,2018
6,13,2,Ben Roethlisberger,00-0022924,98.0,QB,Team_8,2018
6,13,3,Nelson Agholor,00-0031549,99.0,WR,Team_2,2018
6,13,4,Los Angeles Rams,LAR,100.0,DST,Team_4,2018
6,13,5,Marlon Mack,00-0033951,101.0,RB,Team_7,2018
6,13,6,Jimmy Garoppolo,00-0031345,102.0,QB,Team_1,2018
6,13,7,Sterling Shepard,00-0032385,103.0,WR,Team_6,2018
6,13,8,Peyton Barber,00-0032741,104.0,RB,Team_3,2018
6,14,1,Matt Ryan,00-0026143,105.0,QB,Team_3,2018
6,14,2,Philip Rivers,00-0022942,107.0,QB,Team_6,2018
6,14,3,Jack Doyle,00-0030181,106.0,TE,Team_1,2018
6,14,4,Chris Thompson,00-0030404,108.0,RB,Team_7,2018
6,14,5,Minnesota Vikings,MIN,109.0,DST,Team_4,2018
6,14,6,Pharoh Cooper,00-0033111,110.0,WR,Team_2,2018
6,14,7,Ronald Jones,00-0034816,111.0,RB,Team_8,2018
6,14,8,David Njoku,00-0033885,112.0,TE,Team_5,2018
6,15,1,Philadelphia Eagles,PHI,114.0,DST,Team_5,2018
6,15,2,Baltimore Ravens,BAL,125.0,DST,Team_8,2018
6,15,3,Los Angeles Chargers,LAC,126.0,DST,Team_2,2018
6,15,4,Kelvin Benjamin,00-0031359,113.0,WR,Team_4,2018
6,15,5,Greg Zuerlein,00-0029621,127.0,K,Team_7,2018
6,15,6,Kenny Stills,00-0030085,115.0,WR,Team_1,2018
6,15,7,Stephen Gostkowski,00-0024333,131.0,K,Team_6,2018
6,15,8,Houston Texans,HOU,137.0,DST,Team_3,2018
6,16,1,Justin Tucker,00-0029597,143.0,K,Team_3,2018
6,16,2,Denver Broncos,DEN,154.0,DST,Team_6,2018
6,16,3,Wil Lutz,00-0032569,183.0,K,Team_1,2018
6,16,4,New Orleans Saints,NOR,164.0,DST,Team_7,2018
6,16,5,Matt Bryant,00-0020578,186.0,K,Team_4,2018
6,16,6,Chris Boswell,00-0031136,188.0,K,Team_2,2018
6,16,7,Harrison Butker,00-0033303,191.0,K,Team_8,2018
6,16,8,Jake Elliott,00-0033787,201.0,K,Team_5,2018
7,1,1,Saquon Barkley,00-0034844,1.0,RB,Team_6,2019
7,1,2,Christian McCaffrey,00-0033280,2.0,RB,Team_5,2019
7,1,3,Alvin Kamara,00-0033906,3.0,RB,Team_2,2019
7,1,4,Ezekiel Elliott,00-0033045,4.0,RB,Team_3,2019
7,1,5,DeAndre Hopkins,00-0030564,5.0,WR,Team_4,2019
7,1,6,David Johnson,00-0032187,6.0,RB,Team_7,2019
7,1,7,Le'Veon Bell,00-0030496,7.0,RB,Team_8,2019
7,1,8,Davante Adams,00-0031381,8.0,WR,Team_1,2019
7,2,1,James Conner,00-0033553,9.0,RB,Team_1,2019
7,2,2,Julio Jones,00-0027944,10.0,WR,Team_8,2019
7,2,3,Michael Thomas,00-0032765,11.0,WR,Team_7,2019
7,2,4,Odell Beckham,00-0031235,12.0,WR,Team_4,2019
7,2,5,Todd Gurley,00-0032241,13.0,RB,Team_3,2019
7,2,6,JuJu Smith-Schuster,00-0033857,14.0,WR,Team_2,2019
7,2,7,Travis Kelce,00-0030506,15.0,TE,Team_5,2019
7,2,8,Tyreek Hill,00-0033040,16.0,WR,Team_6,2019
7,3,1,Nick Chubb,00-0034791,17.0,RB,Team_6,2019
7,3,2,Dalvin Cook,00-0033893,18.0,RB,Team_5,2019
7,3,3,Joe Mixon,00-0033897,19.0,RB,Team_2,2019
7,3,4,Patrick Mahomes II,00-0033873,20.0,QB,Team_3,2019
7,3,5,Antonio Brown,00-0027793,21.0,WR,Team_4,2019
7,3,6,Mike Evans,00-0031408,22.0,WR,Team_7,2019
7,3,7,Adam Thielen,00-0030035,23.0,WR,Team_8,2019
7,3,8,Keenan Allen,00-0030279,24.0,WR,Team_1,2019
7,4,1,Leonard Fournette,00-0033856,25.0,RB,Team_1,2019
7,4,2,George Kittle,00-0033288,26.0,TE,Team_8,2019
7,4,3,Zach Ertz,00-0030061,27.0,TE,Team_7,2019
7,4,4,Kerryon Johnson,00-0034349,28.0,RB,Team_4,2019
7,4,5,Devonta Freeman,00-0031285,29.0,RB,Team_3,2019
7,4,6,Amari Cooper,00-0031544,30.0,WR,Team_2,2019
7,4,7,Stefon Diggs,00-0031588,31.0,WR,Team_5,2019
7,4,8,Aaron Jones,00-0033293,32.0,RB,Team_6,2019
7,5,1,Josh Jacobs,00-0035700,33.0,RB,Team_6,2019
7,5,2,Damien Williams,00-0030874,34.0,RB,Team_5,2019
7,5,3,Julian Edelman,00-0027150,35.0,WR,Team_2,2019
7,5,4,Chris Carson,00-0033594,36.0,RB,Team_3,2019
7,5,5,Derrick Henry,00-0032764,37.0,RB,Team_4,2019
7,5,6,Brandin Cooks,00-0031236,38.0,WR,Team_7,2019
7,5,7,TY Hilton,00-0029608,39.0,WR,Team_8,2019
7,5,8,Robert Woods,00-0030431,40.0,WR,Team_1,2019
7,6,1,Marlon Mack,00-0033951,41.0,RB,Team_1,2019
7,6,2,Melvin Gordon,00-0032144,42.0,RB,Team_8,2019
7,6,3,Deshaun Watson,00-0033537,43.0,QB,Team_7,2019
7,6,4,Mark Ingram,00-0027966,44.0,RB,Team_4,2019
7,6,5,Kenny Golladay,00-0033932,45.0,WR,Team_3,2019
7,6,6,David Montgomery,00-0035685,46.0,RB,Team_2,2019
7,6,7,Chris Godwin,00-0033921,47.0,WR,Team_5,2019
7,6,8,Tyler Lockett,00-0032211,48.0,WR,Team_6,2019
7,7,1,Sony Michel,00-0034845,49.0,RB,Team_6,2019
7,7,2,Cooper Kupp,00-0033908,50.0,WR,Team_5,2019
7,7,3,Aaron Rodgers,00-0023459,51.0,QB,Team_2,2019
7,7,4,James White,00-0031062,52.0,RB,Team_3,2019
7,7,5,Phillip Lindsay,00-0034109,53.0,RB,Team_4,2019
7,7,6,Tyler Boyd,00-0033009,54.0,WR,Team_7,2019
7,7,7,Evan Engram,00-0033881,55.0,TE,Team_8,2019
7,7,8,OJ Howard,00-0033879,56.0,TE,Team_1,2019
7,8,1,Calvin Ridley,00-0034837,57.0,WR,Team_1,2019
7,8,2,Baker Mayfield,00-0034855,58.0,QB,Team_8,2019
7,8,3,Mike Williams,00-0033536,59.0,WR,Team_7,2019
7,8,4,Hunter Henry,00-0033090,60.0,TE,Team_4,2019
7,8,5,AJ Green,00-0027942,61.0,WR,Team_3,2019
7,8,6,DJ Moore,00-0034827,62.0,WR,Team_2,2019
7,8,7,Jarvis Landry,00-0031382,63.0,WR,Team_5,2019
7,8,8,Matt Ryan,00-0026143,64.0,QB,Team_6,2019
7,9,1,Alshon Jeffery,00-0029137,65.0,WR,Team_6,2019
7,9,2,Tarik Cohen,00-0033556,66.0,RB,Team_5,2019
7,9,3,Tevin Coleman,00-0032058,67.0,RB,Team_2,2019
7,9,4,Austin Ekeler,00-0033699,68.0,RB,Team_3,2019
7,9,5,Jared Cook,00-0027061,69.0,TE,Team_4,2019
7,9,6,Allen Robinson II,00-0031428,70.0,WR,Team_7,2019
7,9,7,Miles Sanders,00-0035243,71.0,RB,Team_8,2019
7,9,8,Josh Gordon,00-0029664,72.0,WR,Team_1,2019
7,10,1,Kenyan Drake,00-0033118,73.0,RB,Team_1,2019
7,10,2,Duke Johnson,00-0032257,74.0,RB,Team_8,2019
7,10,3,Robbie Chosen,00-0032688,75.0,WR,Team_7,2019
7,10,4,Drew Brees,00-0020531,76.0,QB,Team_4,2019
7,10,5,Derrius Guice,00-0034358,77.0,RB,Team_3,2019
7,10,6,Carson Wentz,00-0032950,78.0,QB,Team_2,2019
7,10,7,Chicago Bears,CHI,79.0,DST,Team_5,2019
7,10,8,Vance McDonald,00-0030470,80.0,TE,Team_6,2019
7,11,1,Sammy Watkins,00-0031325,81.0,WR,Team_6,2019
7,11,2,Russell Wilson,00-0029263,82.0,QB,Team_5,2019
7,11,3,Dede Westbrook,00-0033839,83.0,WR,Team_2,2019
7,11,4,Cam Newton,00-0027939,84.0,QB,Team_3,2019
7,11,5,William Fuller,00-0033127,85.0,WR,Team_4,2019
7,11,6,Sterling Shepard,00-0032385,86.0,WR,Team_7,2019
7,11,7,Jared Goff,00-0033106,87.0,QB,Team_8,2019
7,11,8,Christian Kirk,00-0034775,88.0,WR,Team_1,2019
7,12,1,David Njoku,00-0033885,89.0,TE,Team_1,2019
7,12,2,Latavius Murray,00-0030513,90.0,RB,Team_8,2019
7,12,3,Corey Davis,00-0033871,91.0,WR,Team_7,2019
7,12,4,Marvin Jones,00-0029293,92.0,WR,Team_4,2019
7,12,5,Emmanuel Sanders,00-0027685,93.0,WR,Team_3,2019
7,12,6,Curtis Samuel,00-0033282,94.0,WR,Team_2,2019
7,12,7,Jordan Howard,00-0032780,95.0,RB,Team_5,2019
7,12,8,LeSean McCoy,00-0027029,96.0,RB,Team_6,2019
7,13,1,Larry Fitzgerald,00-0022921,97.0,WR,Team_6,2019
7,13,2,Eric Ebron,00-0031387,98.0,TE,Team_5,2019
7,13,3,Rashaad Penny,00-0034750,99.0,RB,Team_2,2019
7,13,4,Ben Roethlisberger,00-0022924,100.0,QB,Team_3,2019
7,13,5,Darrell Henderson,00-0035664,101.0,RB,Team_4,2019
7,13,6,Los Angeles Rams,LAR,102.0,DST,Team_7,2019
7,13,7,Dante Pettis,00-0034860,103.0,WR,Team_8,2019
7,13,8,Matt Breida,00-0033308,104.0,RB,Team_1,2019
7,14,1,Greg Zuerlein,00-0029621,109.0,K,Team_1,2019
7,14,2,Devin Singletary,00-0035250,105.0,RB,Team_8,2019
7,14,3,Royce Freeman,00-0034838,106.0,RB,Team_7,2019
7,14,4,Courtland Sutton,00-0034348,107.0,WR,Team_4,2019
7,14,5,Austin Hooper,00-0032392,108.0,TE,Team_3,2019
7,14,6,Kyler Murray,00-0035228,110.0,QB,Team_2,2019
7,14,7,Marquez Valdes-Scantling,00-0034272,111.0,WR,Team_5,2019
7,14,8,Tom Brady,00-0019596,112.0,QB,Team_6,2019
7,15,1,Jacksonville Jaguars,JAG,115.0,DST,Team_6,2019
7,15,2,Kareem Hunt,00-0033923,113.0,RB,Team_5,2019
7,15,3,Justin Tucker,00-0029597,118.0,K,Team_2,2019
7,15,4,Minnesota Vikings,MIN,125.0,DST,Team_3,2019
7,15,5,Baltimore Ravens,BAL,127.0,DST,Team_4,2019
7,15,6,Lamar Jackson,00-0034796,114.0,QB,Team_7,2019
7,15,7,Harrison Butker,00-0033303,128.0,K,Team_8,2019
7,15,8,Dak Prescott,00-0033077,121.0,QB,Team_1,2019
7,16,1,Los Angeles Chargers,LAC,129.0,DST,Team_1,2019
7,16,2,Denver Broncos,DEN,153.0,DST,Team_8,2019
7,16,3,Wil Lutz,00-0032569,135.0,K,Team_7,2019
7,16,4,Stephen Gostkowski,00-0024333,143.0,K,Team_4,2019
7,16,5,Ka'imi Fairbairn,00-0032726,157.0,K,Team_3,2019
7,16,6,New England Patriots,NE,160.0,DST,Team_2,2019
7,16,7,Robbie Gould,00-0023252,170.0,K,Team_5,2019
7,16,8,Jake Elliott,00-0033787,186.0,K,Team_6,2019
8,1,1,Justin Jefferson,00-0036322,1.0,WR,Team_1,2023
8,1,2,Christian McCaffrey,00-0033280,2.0,RB,Team_2,2023
8,1,3,Ja'Marr Chase,00-0036900,3.0,WR,Team_4,2023
8,1,4,Austin Ekeler,00-0033699,4.0,RB,Team_8,2023
8,1,5,Travis Kelce,00-0030506,5.0,TE,Team_7,2023
8,1,6,Tyreek Hill,00-0033040,6.0,WR,Team_5,2023
8,1,7,Saquon Barkley,00-0034844,7.0,RB,Team_3,2023
8,1,8,Bijan Robinson,00-0038542,8.0,RB,Team_6,2023
8,2,1,Stefon Diggs,00-0031588,9.0,WR,Team_6,2023
8,2,2,Nick Chubb,00-0034791,10.0,RB,Team_3,2023
8,2,3,Davante Adams,00-0031381,11.0,WR,Team_5,2023
8,2,4,CeeDee Lamb,00-0036358,12.0,WR,Team_7,2023
8,2,5,Cooper Kupp,00-0033908,13.0,WR,Team_8,2023
8,2,6,Patrick Mahomes,00-0033873,14.0,QB,Team_4,2023
8,2,7,AJ Brown,00-0035676,15.0,WR,Team_2,2023
8,2,8,Tony Pollard,00-0035261,16.0,RB,Team_1,2023
8,3,1,Derrick Henry,00-0032764,17.0,RB,Team_1,2023
8,3,2,Josh Jacobs,00-0035700,18.0,RB,Team_2,2023
8,3,3,Garrett Wilson,00-0037740,19.0,WR,Team_4,2023
8,3,4,Amon-Ra St. Brown,00-0036963,20.0,WR,Team_8,2023
8,3,5,Josh Allen,00-0034857,21.0,QB,Team_7,2023
8,3,6,Jalen Hurts,00-0036389,22.0,QB,Team_5,2023
8,3,7,Jaylen Waddle,00-0036613,23.0,WR,Team_3,2023
8,3,8,Chris Olave,00-0037239,24.0,WR,Team_6,2023
8,4,1,DeVonta Smith,00-0036912,25.0,WR,Team_6,2023
8,4,2,Najee Harris,00-0036893,26.0,RB,Team_3,2023
8,4,3,Travis Etienne,00-0036973,27.0,RB,Team_5,2023
8,4,4,Tee Higgins,00-0036410,28.0,WR,Team_7,2023
8,4,5,Mark Andrews,00-0034753,29.0,TE,Team_8,2023
8,4,6,Rhamondre Stevenson,00-0036875,30.0,RB,Team_4,2023
8,4,7,DK Metcalf,00-0035640,31.0,WR,Team_2,2023
8,4,8,Joe Mixon,00-0033897,32.0,RB,Team_1,2023
8,5,1,Jahmyr Gibbs,00-0039139,33.0,RB,Team_1,2023
8,5,2,Lamar Jackson,00-0034796,34.0,QB,Team_2,2023
8,5,3,Calvin Ridley,00-0034837,35.0,WR,Team_4,2023
8,5,4,Joe Burrow,00-0036442,36.0,QB,Team_8,2023
8,5,5,Aaron Jones,00-0033293,37.0,RB,Team_7,2023
8,5,6,Deebo Samuel,00-0035719,38.0,WR,Team_5,2023
8,5,7,Breece Hall,00-0038120,39.0,RB,Team_3,2023
8,5,8,Amari Cooper,00-0031544,40.0,WR,Team_6,2023
8,6,1,Justin Herbert,00-0036355,41.0,QB,Team_6,2023
8,6,2,Keenan Allen,00-0030279,42.0,WR,Team_3,2023
8,6,3,Kenneth Walker,00-0038134,43.0,RB,Team_5,2023
8,6,4,Justin Fields,00-0036945,44.0,QB,Team_7,2023
8,6,5,TJ Hockenson,00-0035229,45.0,TE,Team_8,2023
8,6,6,Dameon Pierce,00-0037258,46.0,RB,Team_4,2023
8,6,7,Jonathan Taylor,00-0036223,47.0,RB,Team_2,2023
8,6,8,George Kittle,00-0033288,48.0,TE,Team_1,2023
8,7,1,Miles Sanders,00-0035243,49.0,RB,Team_1,2023
8,7,2,Darren Waller,00-0031610,50.0,TE,Team_2,2023
8,7,3,DJ Moore,00-0034827,51.0,WR,Team_4,2023
8,7,4,DeAndre Hopkins,00-0030564,52.0,WR,Team_8,2023
8,7,5,Terry McLaurin,00-0035659,53.0,WR,Team_7,2023
8,7,6,Trevor Lawrence,00-0036971,54.0,QB,Team_5,2023
8,7,7,Christian Watson,00-0038124,55.0,WR,Team_3,2023
8,7,8,Mike Williams,00-0033536,56.0,WR,Team_6,2023
8,8,1,JK Dobbins,00-0036158,57.0,RB,Team_6,2023
8,8,2,Alvin Kamara,00-0033906,58.0,RB,Team_3,2023
8,8,3,Kyle Pitts,00-0036970,59.0,TE,Team_5,2023
8,8,4,Alexander Mattison,00-0034972,60.0,RB,Team_7,2023
8,8,5,Dalvin Cook,00-0033893,61.0,RB,Team_8,2023
8,8,6,Dallas Goedert,00-0034351,62.0,TE,Team_4,2023
8,8,7,Cam Akers,00-0036414,63.0,RB,Team_2,2023
8,8,8,James Conner,00-0033553,64.0,RB,Team_1,2023
8,9,1,Rachaad White,00-0037256,65.0,RB,Team_1,2023
8,9,2,Drake London,00-0037238,66.0,WR,Team_2,2023
8,9,3,Chris Godwin,00-0033921,67.0,WR,Team_4,2023
8,9,4,Tyler Lockett,00-0032211,68.0,WR,Team_8,2023
8,9,5,James Cook,00-0037248,69.0,RB,Team_7,2023
8,9,6,Jerry Jeudy,00-0036407,70.0,WR,Team_5,2023
8,9,7,Brandon Aiyuk,00-0036261,71.0,WR,Team_3,2023
8,9,8,Isiah Pacheco,00-0037197,72.0,RB,Team_6,2023
8,10,1,Javonte Williams,00-0036997,73.0,RB,Team_6,2023
8,10,2,D'Andre Swift,00-0036275,74.0,RB,Team_3,2023
8,10,3,Diontae Johnson,00-0035216,75.0,WR,Team_5,2023
8,10,4,Mike Evans,00-0031408,76.0,WR,Team_7,2023
8,10,5,Deshaun Watson,00-0033537,77.0,QB,Team_8,2023
8,10,6,Christian Kirk,00-0034775,78.0,WR,Team_4,2023
8,10,7,Evan Engram,00-0033881,79.0,TE,Team_2,2023
8,10,8,Michael Pittman,00-0036252,80.0,WR,Team_1,2023
8,11,1,San Francisco 49ers,SF,81.0,DST,Team_1,2023
8,11,2,George Pickens,00-0037247,82.0,WR,Team_2,2023
8,11,3,David Njoku,00-0033885,83.0,TE,Team_4,2023
8,11,4,David Montgomery,00-0035685,84.0,RB,Team_8,2023
8,11,5,Dak Prescott,00-0033077,85.0,QB,Team_7,2023
8,11,6,Justin Tucker,00-0029597,86.0,K,Team_5,2023
8,11,7,Marquise Brown,00-0035662,87.0,WR,Team_3,2023
8,11,8,Jahan Dotson,00-0037741,88.0,WR,Team_6,2023
8,12,1,Tua Tagovailoa,00-0036212,89.0,QB,Team_6,2023
8,12,2,Jordan Addison,00-0038994,90.0,WR,Team_3,2023
8,12,3,AJ Dillon,00-0036265,91.0,RB,Team_5,2023
8,12,4,Brandin Cooks,00-0031236,92.0,WR,Team_7,2023
8,12,5,Pat Freiermuth,00-0036894,93.0,TE,Team_8,2023
8,12,6,Jaxon Smith-Njigba,00-0038543,94.0,WR,Team_4,2023
8,12,7,Khalil Herbert,00-0036906,95.0,RB,Team_2,2023
8,12,8,Aaron Rodgers,00-0023459,96.0,QB,Team_1,2023
8,13,1,Jamaal Williams,00-0033948,97.0,RB,Team_1,2023
8,13,2,Philadelphia Eagles,PHI,98.0,DST,Team_2,2023
8,13,3,Courtland Sutton,00-0034348,99.0,WR,Team_4,2023
8,13,4,Michael Thomas,00-0032765,100.0,WR,Team_8,2023
8,13,5,Odell Beckham,00-0031235,101.0,WR,Team_7,2023
8,13,6,Gabe Davis,00-0036196,102.0,WR,Team_5,2023
8,13,7,Buffalo Bills,BUF,103.0,DST,Team_3,2023
8,13,8,Brian Robinson,00-0037746,104.0,RB,Team_6,2023
8,14,1,JuJu Smith-Schuster,00-0033857,105.0,WR,Team_6,2023
8,14,2,Kirk Cousins,00-0029604,106.0,QB,Team_3,2023
8,14,3,Antonio Gibson,00-0036328,107.0,RB,Team_5,2023
8,14,4,Treylon Burks,00-0037742,108.0,WR,Team_7,2023
8,14,5,Daniel Carlson,00-0034161,109.0,K,Team_8,2023
8,14,6,Zay Flowers,00-0039064,110.0,WR,Team_4,2023
8,14,7,Kadarius Toney,00-0036913,111.0,WR,Team_2,2023
8,14,8,Zach Charbonnet,00-0039165,112.0,RB,Team_1,2023
8,15,1,Dallas Cowboys,DAL,113.0,DST,Team_1,2023
8,15,2,Samaje Perine,00-0033526,114.0,RB,Team_2,2023
8,15,3,New York Jets,NYJ,118.0,DST,Team_4,2023
8,15,4,Anthony Richardson,00-0039164,115.0,QB,Team_8,2023
8,15,5,New England Patriots,NE,124.0,DST,Team_7,2023
8,15,6,Dalton Schultz,00-0034383,116.0,TE,Team_5,2023
8,15,7,Daniel Jones,00-0035710,117.0,QB,Team_3,2023
8,15,8,Eddy Pineiro,00-0034173,125.0,K,Team_6,2023
8,16,1,Baltimore Ravens,BAL,136.0,DST,Team_6,2023
8,16,2,Tyler Bass,00-0036162,126.0,K,Team_3,2023
8,16,3,Pittsburgh Steelers,PIT,141.0,DST,Team_5,2023
8,16,4,Evan McPherson,00-0036854,128.0,K,Team_7,2023
8,16,5,Miami Dolphins,MIA,143.0,DST,Team_8,2023
8,16,6,Harrison Butker,00-0033303,129.0,K,Team_4,2023
8,16,7,Jason Myers,00-0031492,133.0,K,Team_2,2023
8,16,8,Younghoe Koo,00-0033702,138.0,K,Team_1,2023
9,1,1,Justin Jefferson,00-0036322,1.0,WR,Team_1,2023
9,1,2,Christian McCaffrey,00-0033280,2.0,RB,Team_3,2023
9,1,3,Ja'Marr Chase,00-0036900,3.0,WR,Team_5,2023
9,1,4,Austin Ekeler,00-0033699,4.0,RB,Team_7,2023
9,1,5,Travis Kelce,00-0030506,5.0,TE,Team_8,2023
9,1,6,Tyreek Hill,00-0033040,6.0,WR,Team_6,2023
9,1,7,Saquon Barkley,00-0034844,7.0,RB,Team_4,2023
9,1,8,Bijan Robinson,00-0038542,8.0,RB,Team_2,2023
9,2,1,Stefon Diggs,00-0031588,9.0,WR,Team_2,2023
9,2,2,Nick Chubb,00-0034791,10.0,RB,Team_4,2023
9,2,3,Davante Adams,00-0031381,11.0,WR,Team_6,2023
9,2,4,CeeDee Lamb,00-0036358,12.0,WR,Team_8,2023
9,2,5,Cooper Kupp,00-0033908,13.0,WR,Team_7,2023
9,2,6,Patrick Mahomes,00-0033873,14.0,QB,Team_5,2023
9,2,7,AJ Brown,00-0035676,15.0,WR,Team_3,2023
9,2,8,Tony Pollard,00-0035261,16.0,RB,Team_1,2023
9,3,1,Derrick Henry,00-0032764,17.0,RB,Team_1,2023
9,3,2,Josh Jacobs,00-0035700,18.0,RB,Team_3,2023
9,3,3,Garrett Wilson,00-0037740,19.0,WR,Team_5,2023
9,3,4,Amon-Ra St. Brown,00-0036963,20.0,WR,Team_7,2023
9,3,5,Josh Allen,00-0034857,21.0,QB,Team_8,2023
9,3,6,Jalen Hurts,00-0036389,22.0,QB,Team_6,2023
9,3,7,Jaylen Waddle,00-0036613,23.0,WR,Team_4,2023
9,3,8,Chris Olave,00-0037239,24.0,WR,Team_2,2023
9,4,1,DeVonta Smith,00-0036912,25.0,WR,Team_2,2023
9,4,2,Najee Harris,00-0036893,26.0,RB,Team_4,2023
9,4,3,Travis Etienne,00-0036973,27.0,RB,Team_6,2023
9,4,4,Tee Higgins,00-0036410,28.0,WR,Team_8,2023
9,4,5,Mark Andrews,00-0034753,29.0,TE,Team_7,2023
9,4,6,Rhamondre Stevenson,00-0036875,30.0,RB,Team_5,2023
9,4,7,DK Metcalf,00-0035640,31.0,WR,Team_3,2023
9,4,8,Joe Mixon,00-0033897,32.0,RB,Team_1,2023
9,5,1,Jahmyr Gibbs,00-0039139,33.0,RB,Team_1,2023
9,5,2,Lamar Jackson,00-0034796,34.0,QB,Team_3,2023
9,5,3,Calvin Ridley,00-0034837,35.0,WR,Team_5,2023
9,5,4,Joe Burrow,00-0036442,36.0,QB,Team_7,2023
9,5,5,Aaron Jones,00-0033293,37.0,RB,Team_8,2023
9,5,6,Deebo Samuel,00-0035719,38.0,WR,Team_6,2023
9,5,7,Breece Hall,00-0038120,39.0,RB,Team_4,2023
9,5,8,Amari Cooper,00-0031544,40.0,WR,Team_2,2023
9,6,1,Justin Herbert,00-0036355,41.0,QB,Team_2,2023
9,6,2,Keenan Allen,00-0030279,42.0,WR,Team_4,2023
9,6,3,Kenneth Walker,00-0038134,43.0,RB,Team_6,2023
9,6,4,Justin Fields,00-0036945,44.0,QB,Team_8,2023
9,6,5,TJ Hockenson,00-0035229,45.0,TE,Team_7,2023
9,6,6,Dameon Pierce,00-0037258,46.0,RB,Team_5,2023
9,6,7,Jonathan Taylor,00-0036223,47.0,RB,Team_3,2023
9,6,8,George Kittle,00-0033288,48.0,TE,Team_1,2023
9,7,1,Miles Sanders,00-0035243,49.0,RB,Team_1,2023
9,7,2,Darren Waller,00-0031610,50.0,TE,Team_3,2023
9,7,3,DJ Moore,00-0034827,51.0,WR,Team_5,2023
9,7,4,DeAndre Hopkins,00-0030564,52.0,WR,Team_7,2023
9,7,5,Terry McLaurin,00-0035659,53.0,WR,Team_8,2023
9,7,6,Trevor Lawrence,00-0036971,54.0,QB,Team_6,2023
9,7,7,Christian Watson,00-0038124,55.0,WR,Team_4,2023
9,7,8,Mike Williams,00-0033536,56.0,WR,Team_2,2023
9,8,1,JK Dobbins,00-0036158,57.0,RB,Team_2,2023
9,8,2,Alvin Kamara,00-0033906,58.0,RB,Team_4,2023
9,8,3,Kyle Pitts,00-0036970,59.0,TE,Team_6,2023
9,8,4,Alexander Mattison,00-0034972,60.0,RB,Team_8,2023
9,8,5,Dalvin Cook,00-0033893,61.0,RB,Team_7,2023
9,8,6,Dallas Goedert,00-0034351,62.0,TE,Team_5,2023
9,8,7,Cam Akers,00-0036414,63.0,RB,Team_3,2023
9,8,8,James Conner,00-0033553,64.0,RB,Team_1,2023
9,9,1,Rachaad White,00-0037256,65.0,RB,Team_1,2023
9,9,2,Drake London,00-0037238,66.0,WR,Team_3,2023
9,9,3,Chris Godwin,00-0033921,67.0,WR,Team_5,2023
9,9,4,Tyler Lockett,00-0032211,68.0,WR,Team_7,2023
9,9,5,James Cook,00-0037248,69.0,RB,Team_8,2023
9,9,6,Jerry Jeudy,00-0036407,70.0,WR,Team_6,2023
9,9,7,Brandon Aiyuk,00-0036261,71.0,WR,Team_4,2023
9,9,8,Isiah Pacheco,00-0037197,72.0,RB,Team_2,2023
9,10,1,Javonte Williams,00-0036997,73.0,RB,Team_2,2023
9,10,2,D'Andre Swift,00-0036275,74.0,RB,Team_4,2023
9,10,3,Diontae Johnson,00-0035216,75.0,WR,Team_6,2023
9,10,4,Mike Evans,00-0031408,76.0,WR,Team_8,2023
9,10,5,Deshaun Watson,00-0033537,77.0,QB,Team_7,2023
9,10,6,Christian Kirk,00-0034775,78.0,WR,Team_5,2023
9,10,7,Evan Engram,00-0033881,79.0,TE,Team_3,2023
9,10,8,Michael Pittman,00-0036252,80.0,WR,Team_1,2023
9,11,1,San Francisco 49ers,SF,81.0,DST,Team_1,2023
9,11,2,George Pickens,00-0037247,82.0,WR,Team_3,2023
9,11,3,David Njoku,00-0033885,83.0,TE,Team_5,2023
9,11,4,David Montgomery,00-0035685,84.0,RB,Team_7,2023
9,11,5,Dak Prescott,00-0033077,85.0,QB,Team_8,2023
9,11,6,Justin Tucker,00-0029597,86.0,K,Team_6,2023
9,11,7,Marquise Brown,00-0035662,87.0,WR,Team_4,2023
9,11,8,Jahan Dotson,00-0037741,88.0,WR,Team_2,2023
9,12,1,Tua Tagovailoa,00-0036212,89.0,QB,Team_2,2023
9,12,2,Jordan Addison,00-0038994,90.0,WR,Team_4,2023
9,12,3,AJ Dillon,00-0036265,91.0,RB,Team_6,2023
9,12,4,Brandin Cooks,00-0031236,92.0,WR,Team_8,2023
9,12,5,Pat Freiermuth,00-0036894,93.0,TE,Team_7,2023
9,12,6,Jaxon Smith-Njigba,00-0038543,94.0,WR,Team_5,2023
9,12,7,Khalil Herbert,00-0036906,95.0,RB,Team_3,2023
9,12,8,Aaron Rodgers,00-0023459,96.0,QB,Team_1,2023
9,13,1,Jamaal Williams,00-0033948,97.0,RB,Team_1,2023
9,13,2,Philadelphia Eagles,PHI,98.0,DST,Team_3,2023
9,13,3,Courtland Sutton,00-0034348,99.0,WR,Team_5,2023
9,13,4,Michael Thomas,00-0032765,100.0,WR,Team_7,2023
9,13,5,Odell Beckham,00-0031235,101.0,WR,Team_8,2023
9,13,6,Gabe Davis,00-0036196,102.0,WR,Team_6,2023
9,13,7,Buffalo Bills,BUF,103.0,DST,Team_4,2023
9,13,8,Brian Robinson,00-0037746,104.0,RB,Team_2,2023
9,14,1,JuJu Smith-Schuster,00-0033857,105.0,WR,Team_2,2023
9,14,2,Kirk Cousins,00-0029604,106.0,QB,Team_4,2023
9,14,3,Antonio Gibson,00-0036328,107.0,RB,Team_6,2023
9,14,4,Treylon Burks,00-0037742,108.0,WR,Team_8,2023
9,14,5,Daniel Carlson,00-0034161,109.0,K,Team_7,2023
9,14,6,Zay Flowers,00-0039064,110.0,WR,Team_5,2023
9,14,7,Kadarius Toney,00-0036913,111.0,WR,Team_3,2023
9,14,8,Zach Charbonnet,00-0039165,112.0,RB,Team_1,2023
9,15,1,Dallas Cowboys,DAL,113.0,DST,Team_1,2023
9,15,2,Samaje Perine,00-0033526,114.0,RB,Team_3,2023
9,15,3,New York Jets,NYJ,118.0,DST,Team_5,2023
9,15,4,Anthony Richardson,00-0039164,115.0,QB,Team_7,2023
9,15,5,New England Patriots,NE,124.0,DST,Team_8,2023
9,15,6,Dalton Schultz,00-0034383,116.0,TE,Team_6,2023
9,15,7,Daniel Jones,00-0035710,117.0,QB,Team_4,2023
9,15,8,Eddy Pineiro,00-0034173,125.0,K,Team_2,2023
9,16,1,Baltimore Ravens,BAL,136.0,DST,Team_2,2023
9,16,2,Tyler Bass,00-0036162,126.0,K,Team_4,2023
9,16,3,Pittsburgh Steelers,PIT,141.0,DST,Team_6,2023
9,16,4,Evan McPherson,00-0036854,128.0,K,Team_8,2023
9,16,5,Miami Dolphins,MIA,143.0,DST,Team_7,2023
9,16,6,Harrison Butker,00-0033303,129.0,K,Team_5,2023
9,16,7,Jason Myers,00-0031492,133.0,K,Team_3,2023
9,16,8,Younghoe Koo,00-0033702,138.0,K,Team_1,2023
10,1,1,Saquon Barkley,00-0034844,1.0,RB,Team_5,2019
10,1,2,Christian McCaffrey,00-0033280,2.0,RB,Team_7,2019
10,1,3,Alvin Kamara,00-0033906,3.0,RB,Team_4,2019
10,1,4,Ezekiel Elliott,00-0033045,4.0,RB,Team_8,2019
10,1,5,DeAndre Hopkins,00-0030564,5.0,WR,Team_2,2019
10,1,6,David Johnson,00-0032187,6.0,RB,Team_3,2019
10,1,7,Le'Veon Bell,00-0030496,7.0,RB,Team_6,2019
10,1,8,Davante Adams,00-0031381,8.0,WR,Team_1,2019
10,2,1,James Conner,00-0033553,9.0,RB,Team_1,2019
10,2,2,Julio Jones,00-0027944,10.0,WR,Team_6,2019
10,2,3,Michael Thomas,00-0032765,11.0,WR,Team_3,2019
10,2,4,Odell Beckham,00-0031235,12.0,WR,Team_2,2019
10,2,5,Todd Gurley,00-0032241,13.0,RB,Team_8,2019
10,2,6,JuJu Smith-Schuster,00-0033857,14.0,WR,Team_4,2019
10,2,7,Travis Kelce,00-0030506,15.0,TE,Team_7,2019
10,2,8,Tyreek Hill,00-0033040,16.0,WR,Team_5,2019
10,3,1,Nick Chubb,00-0034791,17.0,RB,Team_5,2019
10,3,2,Dalvin Cook,00-0033893,18.0,RB,Team_7,2019
10,3,3,Joe Mixon,00-0033897,19.0,RB,Team_4,2019
10,3,4,Patrick Mahomes II,00-0033873,20.0,QB,Team_8,2019
10,3,5,Antonio Brown,00-0027793,21.0,WR,Team_2,2019
10,3,6,Mike Evans,00-0031408,22.0,WR,Team_3,2019
10,3,7,Adam Thielen,00-0030035,23.0,WR,Team_6,2019
10,3,8,Keenan Allen,00-0030279,24.0,WR,Team_1,2019
10,4,1,Leonard Fournette,00-0033856,25.0,RB,Team_1,2019
10,4,2,George Kittle,00-0033288,26.0,TE,Team_6,2019
10,4,3,Zach Ertz,00-0030061,27.0,TE,Team_3,2019
10,4,4,Kerryon Johnson,00-0034349,28.0,RB,Team_2,2019
10,4,5,Devonta Freeman,00-0031285,29.0,RB,Team_8,2019
10,4,6,Amari Cooper,00-0031544,30.0,WR,Team_4,2019
10,4,7,Stefon Diggs,00-0031588,31.0,WR,Team_7,2019
10,4,8,Aaron Jones,00-0033293,32.0,RB,Team_5,2019
10,5,1,Josh Jacobs,00-0035700,33.0,RB,Team_5,2019
10,5,2,Damien Williams,00-0030874,34.0,RB,Team_7,2019
10,5,3,Julian Edelman,00-0027150,35.0,WR,Team_4,2019
10,5,4,Chris Carson,00-0033594,36.0,RB,Team_8,2019
10,5,5,Derrick Henry,00-0032764,37.0,RB,Team_2,2019
10,5,6,Brandin Cooks,00-0031236,38.0,WR,Team_3,2019
10,5,7,TY Hilton,00-0029608,39.0,WR,Team_6,2019
10,5,8,Robert Woods,00-0030431,40.0,WR,Team_1,2019
10,6,1,Marlon Mack,00-0033951,41.0,RB,Team_1,2019
10,6,2,Melvin Gordon,00-0032144,42.0,RB,Team_6,2019
10,6,3,Deshaun Watson,00-0033537,43.0,QB,Team_3,2019
10,6,4,Mark Ingram,00-0027966,44.0,RB,Team_2,2019
10,6,5,Kenny Golladay,00-0033932,45.0,WR,Team_8,2019
10,6,6,David Montgomery,00-0035685,46.0,RB,Team_4,2019
10,6,7,Chris Godwin,00-0033921,47.0,WR,Team_7,2019
10,6,8,Tyler Lockett,00-0032211,48.0,WR,Team_5,2019
10,7,1,Sony Michel,00-0034845,49.0,RB,Team_5,2019
10,7,2,Cooper Kupp,00-0033908,50.0,WR,Team_7,2019
10,7,3,Aaron Rodgers,00-0023459,51.0,QB,Team_4,2019
10,7,4,James White,00-0031062,52.0,RB,Team_8,2019
10,7,5,Phillip Lindsay,00-0034109,53.0,RB,Team_2,2019
10,7,6,Tyler Boyd,00-0033009,54.0,WR,Team_3,2019
10,7,7,Evan Engram,00-0033881,55.0,TE,Team_6,2019
10,7,8,OJ Howard,00-0033879,56.0,TE,Team_1,2019
10,8,1,Calvin Ridley,00-0034837,57.0,WR,Team_1,2019
10,8,2,Baker Mayfield,00-0034855,58.0,QB,Team_6,2019
10,8,3,Mike Williams,00-0033536,59.0,WR,Team_3,2019
10,8,4,Hunter Henry,00-0033090,60.0,TE,Team_2,2019
10,8,5,AJ Green,00-0027942,61.0,WR,Team_8,2019
10,8,6,DJ Moore,00-0034827,62.0,WR,Team_4,2019
10,8,7,Jarvis Landry,00-0031382,63.0,WR,Team_7,2019
10,8,8,Matt Ryan,00-0026143,64.0,QB,Team_5,2019
10,9,1,Alshon Jeffery,00-0029137,65.0,WR,Team_5,2019
10,9,2,Tarik Cohen,00-0033556,66.0,RB,Team_7,2019
10,9,3,Tevin Coleman,00-0032058,67.0,RB,Team_4,2019
10,9,4,Austin Ekeler,00-0033699,68.0,RB,Team_8,2019
10,9,5,Jared Cook,00-0027061,69.0,TE,Team_2,2019
10,9,6,Allen Robinson II,00-0031428,70.0,WR,Team_3,2019
10,9,7,Miles Sanders,00-0035243,71.0,RB,Team_6,2019
10,9,8,Josh Gordon,00-0029664,72.0,WR,Team_1,2019
10,10,1,Kenyan Drake,00-0033118,73.0,RB,Team_1,2019
10,10,2,Duke Johnson,00-0032257,74.0,RB,Team_6,2019
10,10,3,Robbie Chosen,00-0032688,75.0,WR,Team_3,2019
10,10,4,Drew Brees,00-0020531,76.0,QB,Team_2,2019
10,10,5,Derrius Guice,00-0034358,77.0,RB,Team_8,2019
10,10,6,Carson Wentz,00-0032950,78.0,QB,Team_4,2019
10,10,7,Chicago Bears,CHI,79.0,DST,Team_7,2019
10,10,8,Vance McDonald,00-0030470,80.0,TE,Team_5,2019
10,11,1,Sammy Watkins,00-0031325,81.0,WR,Team_5,2019
10,11,2,Russell Wilson,00-0029263,82.0,QB,Team_7,2019
10,11,3,Dede Westbrook,00-0033839,83.0,WR,Team_4,2019
10,11,4,Cam Newton,00-0027939,84.0,QB,Team_8,2019
10,11,5,William Fuller,00-0033127,85.0,WR,Team_2,2019
10,11,6,Sterling Shepard,00-0032385,86.0,WR,Team_3,2019
10,11,7,Jared Goff,00-0033106,87.0,QB,Team_6,2019
10,11,8,Christian Kirk,00-0034775,88.0,WR,Team_1,2019
10,12,1,David Njoku,00-0033885,89.0,TE,Team_1,2019
10,12,2,Latavius Murray,00-0030513,90.0,RB,Team_6,2019
10,12,3,Corey Davis,00-0033871,91.0,WR,Team_3,2019
10,12,4,Marvin Jones,00-0029293,92.0,WR,Team_2,2019
10,12,5,Emmanuel Sanders,00-0027685,93.0,WR,Team_8,2019
10,12,6,Curtis Samuel,00-0033282,94.0,WR,Team_4,2019
10,12,7,Jordan Howard,00-0032780,95.0,RB,Team_7,2019
10,12,8,LeSean McCoy,00-0027029,96.0,RB,Team_5,2019
10,13,1,Larry Fitzgerald,00-0022921,97.0,WR,Team_5,2019
10,13,2,Eric Ebron,00-0031387,98.0,TE,Team_7,2019
10,13,3,Rashaad Penny,00-0034750,99.0,RB,Team_4,2019
10,13,4,Ben Roethlisberger,00-0022924,100.0,QB,Team_8,2019
10,13,5,Darrell Henderson,00-0035664,101.0,RB,Team_2,2019
10,13,6,Los Angeles Rams,LAR,102.0,DST,Team_3,2019
10,13,7,Dante Pettis,00-0034860,103.0,WR,Team_6,2019
10,13,8,Matt Breida,00-0033308,104.0,RB,Team_1,2019
10,14,1,Greg Zuerlein,00-0029621,109.0,K,Team_1,2019
10,14,2,Devin Singletary,00-0035250,105.0,RB,Team_6,2019
10,14,3,Royce Freeman,00-0034838,106.0,RB,Team_3,2019
10,14,4,Courtland Sutton,00-0034348,107.0,WR,Team_2,2019
10,14,5,Austin Hooper,00-0032392,108.0,TE,Team_8,2019
10,14,6,Kyler Murray,00-0035228,110.0,QB,Team_4,2019
10,14,7,Marquez Valdes-Scantling,00-0034272,111.0,WR,Team_7,2019
10,14,8,Tom Brady,00-0019596,112.0,QB,Team_5,2019
10,15,1,Jacksonville Jaguars,JAG,115.0,DST,Team_5,2019
10,15,2,Kareem Hunt,00-0033923,113.0,RB,Team_7,2019
10,15,3,Justin Tucker,00-0029597,118.0,K,Team_4,2019
10,15,4,Minnesota Vikings,MIN,125.0,DST,Team_8,2019
10,15,5,Baltimore Ravens,BAL,127.0,DST,Team_2,2019
10,15,6,Lamar Jackson,00-0034796,114.0,QB,Team_3,2019
10,15,7,Harrison Butker,00-0033303,128.0,K,Team_6,2019
10,15,8,Dak Prescott,00-0033077,121.0,QB,Team_1,2019
10,16,1,Los Angeles Chargers,LAC,129.0,DST,Team_1,2019
10,16,2,Denver Broncos,DEN,153.0,DST,Team_6,2019
10,16,3,Wil Lutz,00-0032569,135.0,K,Team_3,2019
10,16,4,Stephen Gostkowski,00-0024333,143.0,K,Team_2,2019
10,16,5,Ka'imi Fairbairn,00-0032726,157.0,K,Team_8,2019
10,16,6,New England Patriots,NE,160.0,DST,Team_4,2019
10,16,7,Robbie Gould,00-0023252,170.0,K,Team_7,2019
10,16,8,Jake Elliott,00-0033787,186.0,K,Team_5,2019
